-- MySQL dump 10.13  Distrib 8.0.31, for Win64 (x86_64)
--
-- Host: 127.0.0.1    Database: ry-vue
-- ------------------------------------------------------
-- Server version	8.0.31

/*!40101 SET @OLD_CHARACTER_SET_CLIENT=@@CHARACTER_SET_CLIENT */;
/*!40101 SET @OLD_CHARACTER_SET_RESULTS=@@CHARACTER_SET_RESULTS */;
/*!40101 SET @OLD_COLLATION_CONNECTION=@@COLLATION_CONNECTION */;
/*!50503 SET NAMES utf8mb4 */;
/*!40103 SET @OLD_TIME_ZONE=@@TIME_ZONE */;
/*!40103 SET TIME_ZONE='+00:00' */;
/*!40014 SET @OLD_UNIQUE_CHECKS=@@UNIQUE_CHECKS, UNIQUE_CHECKS=0 */;
/*!40014 SET @OLD_FOREIGN_KEY_CHECKS=@@FOREIGN_KEY_CHECKS, FOREIGN_KEY_CHECKS=0 */;
/*!40101 SET @OLD_SQL_MODE=@@SQL_MODE, SQL_MODE='NO_AUTO_VALUE_ON_ZERO' */;
/*!40111 SET @OLD_SQL_NOTES=@@SQL_NOTES, SQL_NOTES=0 */;

--
-- Table structure for table `gen_table`
--

DROP TABLE IF EXISTS `gen_table`;
/*!40101 SET @saved_cs_client     = @@character_set_client */;
/*!50503 SET character_set_client = utf8mb4 */;
CREATE TABLE `gen_table` (
  `table_id` bigint NOT NULL AUTO_INCREMENT COMMENT '编号',
  `table_name` varchar(200) DEFAULT '' COMMENT '表名称',
  `table_comment` varchar(500) DEFAULT '' COMMENT '表描述',
  `sub_table_name` varchar(64) DEFAULT NULL COMMENT '关联子表的表名',
  `sub_table_fk_name` varchar(64) DEFAULT NULL COMMENT '子表关联的外键名',
  `class_name` varchar(100) DEFAULT '' COMMENT '实体类名称',
  `tpl_category` varchar(200) DEFAULT 'crud' COMMENT '使用的模板（crud单表操作 tree树表操作）',
  `tpl_web_type` varchar(30) DEFAULT '' COMMENT '前端模板类型（element-ui模版 element-plus模版）',
  `package_name` varchar(100) DEFAULT NULL COMMENT '生成包路径',
  `module_name` varchar(30) DEFAULT NULL COMMENT '生成模块名',
  `business_name` varchar(30) DEFAULT NULL COMMENT '生成业务名',
  `function_name` varchar(50) DEFAULT NULL COMMENT '生成功能名',
  `function_author` varchar(50) DEFAULT NULL COMMENT '生成功能作者',
  `gen_type` char(1) DEFAULT '0' COMMENT '生成代码方式（0zip压缩包 1自定义路径）',
  `gen_path` varchar(200) DEFAULT '/' COMMENT '生成路径（不填默认项目路径）',
  `options` varchar(1000) DEFAULT NULL COMMENT '其它生成选项',
  `create_by` varchar(64) DEFAULT '' COMMENT '创建者',
  `create_time` datetime DEFAULT NULL COMMENT '创建时间',
  `update_by` varchar(64) DEFAULT '' COMMENT '更新者',
  `update_time` datetime DEFAULT NULL COMMENT '更新时间',
  `remark` varchar(500) DEFAULT NULL COMMENT '备注',
  PRIMARY KEY (`table_id`)
) ENGINE=InnoDB AUTO_INCREMENT=21 DEFAULT CHARSET=utf8mb4 COLLATE=utf8mb4_0900_ai_ci COMMENT='代码生成业务表';
/*!40101 SET character_set_client = @saved_cs_client */;

--
-- Dumping data for table `gen_table`
--

LOCK TABLES `gen_table` WRITE;
/*!40000 ALTER TABLE `gen_table` DISABLE KEYS */;
INSERT INTO `gen_table` VALUES (3,'tb_course','课程管理',NULL,NULL,'Course','crud','element-plus','com.ruoyi.course','course','course','课程管理','itheima','0','/','{\"parentMenuId\":\"\"}','admin','2024-04-23 10:42:43','','2024-04-24 21:06:37',NULL),(10,'sys_dept','部门表','','','SysDept','tree','element-plus','com.ruoyi.system','system','dept','部门','ruoyi','0','/','{\"treeCode\":\"dept_id\",\"treeName\":\"dept_name\",\"treeParentCode\":\"parent_id\",\"parentMenuId\":\"\"}','admin','2024-04-26 15:17:33','','2024-04-26 15:20:38',NULL),(19,'tb_dish','菜品管理','tb_dish_flavor','dish_id','Dish','sub','element-plus','com.sky.merchant','merchant','dish','菜品管理','itheima','0','/','{\"parentMenuId\":\"\"}','admin','2024-05-07 17:33:29','','2024-05-07 19:31:38',NULL),(20,'tb_dish_flavor','菜品口味关系表',NULL,NULL,'DishFlavor','crud','element-plus','com.sky.system','system','flavor','菜品口味关系','itheima','0','/','{\"parentMenuId\":\"\"}','admin','2024-05-07 17:33:29','','2024-05-07 19:32:10',NULL);
/*!40000 ALTER TABLE `gen_table` ENABLE KEYS */;
UNLOCK TABLES;

--
-- Table structure for table `gen_table_column`
--

DROP TABLE IF EXISTS `gen_table_column`;
/*!40101 SET @saved_cs_client     = @@character_set_client */;
/*!50503 SET character_set_client = utf8mb4 */;
CREATE TABLE `gen_table_column` (
  `column_id` bigint NOT NULL AUTO_INCREMENT COMMENT '编号',
  `table_id` bigint DEFAULT NULL COMMENT '归属表编号',
  `column_name` varchar(200) DEFAULT NULL COMMENT '列名称',
  `column_comment` varchar(500) DEFAULT NULL COMMENT '列描述',
  `column_type` varchar(100) DEFAULT NULL COMMENT '列类型',
  `java_type` varchar(500) DEFAULT NULL COMMENT 'JAVA类型',
  `java_field` varchar(200) DEFAULT NULL COMMENT 'JAVA字段名',
  `is_pk` char(1) DEFAULT NULL COMMENT '是否主键（1是）',
  `is_increment` char(1) DEFAULT NULL COMMENT '是否自增（1是）',
  `is_required` char(1) DEFAULT NULL COMMENT '是否必填（1是）',
  `is_insert` char(1) DEFAULT NULL COMMENT '是否为插入字段（1是）',
  `is_edit` char(1) DEFAULT NULL COMMENT '是否编辑字段（1是）',
  `is_list` char(1) DEFAULT NULL COMMENT '是否列表字段（1是）',
  `is_query` char(1) DEFAULT NULL COMMENT '是否查询字段（1是）',
  `query_type` varchar(200) DEFAULT 'EQ' COMMENT '查询方式（等于、不等于、大于、小于、范围）',
  `html_type` varchar(200) DEFAULT NULL COMMENT '显示类型（文本框、文本域、下拉框、复选框、单选框、日期控件）',
  `dict_type` varchar(200) DEFAULT '' COMMENT '字典类型',
  `sort` int DEFAULT NULL COMMENT '排序',
  `create_by` varchar(64) DEFAULT '' COMMENT '创建者',
  `create_time` datetime DEFAULT NULL COMMENT '创建时间',
  `update_by` varchar(64) DEFAULT '' COMMENT '更新者',
  `update_time` datetime DEFAULT NULL COMMENT '更新时间',
  PRIMARY KEY (`column_id`)
) ENGINE=InnoDB AUTO_INCREMENT=173 DEFAULT CHARSET=utf8mb4 COLLATE=utf8mb4_0900_ai_ci COMMENT='代码生成业务表字段';
/*!40101 SET character_set_client = @saved_cs_client */;

--
-- Dumping data for table `gen_table_column`
--

LOCK TABLES `gen_table_column` WRITE;
/*!40000 ALTER TABLE `gen_table_column` DISABLE KEYS */;
INSERT INTO `gen_table_column` VALUES (19,3,'id','课程id','bigint','Long','id','1','1','0','0',NULL,NULL,'0','EQ','input','',1,'admin','2024-04-23 10:42:43','','2024-04-24 21:06:37'),(20,3,'code','课程编码','varchar(32)','String','code','0','0','1','1','1','1','1','EQ','input','',2,'admin','2024-04-23 10:42:43','','2024-04-24 21:06:37'),(21,3,'subject','课程学科','varchar(32)','String','subject','0','0','1','1','1','1','1','EQ','select','course_subject',3,'admin','2024-04-23 10:42:43','','2024-04-24 21:06:37'),(22,3,'name','课程名称','varchar(64)','String','name','0','0','1','1','1','1','1','LIKE','input','',4,'admin','2024-04-23 10:42:43','','2024-04-24 21:06:37'),(23,3,'price','价格（元）','int','Integer','price','0','0','1','1','1','1','0','EQ','input','',5,'admin','2024-04-23 10:42:43','','2024-04-24 21:06:37'),(24,3,'applicable_person','适用人群','varchar(32)','String','applicablePerson','0','0','1','1','1','1','1','EQ','input','',6,'admin','2024-04-23 10:42:43','','2024-04-24 21:06:37'),(25,3,'info','课程介绍','varchar(255)','String','info','0','0','1','1','1','1','0','EQ','input','',7,'admin','2024-04-23 10:42:43','','2024-04-24 21:06:37'),(26,3,'create_time','创建时间','timestamp','Date','createTime','0','0','0','0',NULL,NULL,NULL,'EQ','datetime','',8,'admin','2024-04-23 10:42:43','','2024-04-24 21:06:37'),(27,3,'update_time','更新时间','timestamp','Date','updateTime','0','0','0','0','0',NULL,NULL,'EQ','datetime','',9,'admin','2024-04-23 10:42:43','','2024-04-24 21:06:37'),(99,10,'dept_id','部门id','bigint','Long','deptId','1','1','0','1',NULL,NULL,NULL,'EQ','input','',1,'admin','2024-04-26 15:17:33','','2024-04-26 15:20:38'),(100,10,'parent_id','父部门id','bigint','Long','parentId','0','0','0','1','1','1','1','EQ','input','',2,'admin','2024-04-26 15:17:33','','2024-04-26 15:20:38'),(101,10,'ancestors','祖级列表','varchar(50)','String','ancestors','0','0','0','1','1','1','1','EQ','input','',3,'admin','2024-04-26 15:17:33','','2024-04-26 15:20:38'),(102,10,'dept_name','部门名称','varchar(30)','String','deptName','0','0','0','1','1','1','1','LIKE','input','',4,'admin','2024-04-26 15:17:33','','2024-04-26 15:20:38'),(103,10,'order_num','显示顺序','int','Long','orderNum','0','0','0','1','1','1','1','EQ','input','',5,'admin','2024-04-26 15:17:33','','2024-04-26 15:20:38'),(104,10,'leader','负责人','varchar(20)','String','leader','0','0','0','1','1','1','1','EQ','input','',6,'admin','2024-04-26 15:17:33','','2024-04-26 15:20:38'),(105,10,'phone','联系电话','varchar(11)','String','phone','0','0','0','1','1','1','1','EQ','input','',7,'admin','2024-04-26 15:17:33','','2024-04-26 15:20:38'),(106,10,'email','邮箱','varchar(50)','String','email','0','0','0','1','1','1','1','EQ','input','',8,'admin','2024-04-26 15:17:33','','2024-04-26 15:20:38'),(107,10,'status','部门状态（0正常 1停用）','char(1)','String','status','0','0','0','1','1','1','1','EQ','radio','',9,'admin','2024-04-26 15:17:33','','2024-04-26 15:20:38'),(108,10,'del_flag','删除标志（0代表存在 2代表删除）','char(1)','String','delFlag','0','0','0','1',NULL,NULL,NULL,'EQ','input','',10,'admin','2024-04-26 15:17:33','','2024-04-26 15:20:38'),(109,10,'create_by','创建者','varchar(64)','String','createBy','0','0','0','1',NULL,NULL,NULL,'EQ','input','',11,'admin','2024-04-26 15:17:33','','2024-04-26 15:20:38'),(110,10,'create_time','创建时间','datetime','Date','createTime','0','0','0','1',NULL,NULL,NULL,'EQ','datetime','',12,'admin','2024-04-26 15:17:33','','2024-04-26 15:20:38'),(111,10,'update_by','更新者','varchar(64)','String','updateBy','0','0','0','1','1',NULL,NULL,'EQ','input','',13,'admin','2024-04-26 15:17:33','','2024-04-26 15:20:38'),(112,10,'update_time','更新时间','datetime','Date','updateTime','0','0','0','1','1',NULL,NULL,'EQ','datetime','',14,'admin','2024-04-26 15:17:33','','2024-04-26 15:20:38'),(161,19,'id','主键','bigint','Long','id','1','1','0','0',NULL,NULL,NULL,'EQ','input','',1,'admin','2024-05-07 17:33:29','','2024-05-07 19:31:38'),(162,19,'name','菜品名称','varchar(32)','String','name','0','0','1','1','1','1','1','LIKE','input','',2,'admin','2024-05-07 17:33:29','','2024-05-07 19:31:38'),(163,19,'price','售价','decimal(10,2)','BigDecimal','price','0','0','1','1','1','1','0','EQ','input','',3,'admin','2024-05-07 17:33:29','','2024-05-07 19:31:38'),(164,19,'image','图片','varchar(255)','String','image','0','0','1','1','1','1','0','EQ','imageUpload','',4,'admin','2024-05-07 17:33:29','','2024-05-07 19:31:38'),(165,19,'description','描述信息','varchar(255)','String','description','0','0','0','1','1','0','0','EQ','input','',5,'admin','2024-05-07 17:33:29','','2024-05-07 19:31:38'),(166,19,'status','售卖状态','int','Long','status','0','0','1','1','1','1','1','EQ','select','dish_status',6,'admin','2024-05-07 17:33:29','','2024-05-07 19:31:38'),(167,19,'create_time','创建时间','datetime','Date','createTime','0','0','0','0',NULL,NULL,NULL,'EQ','datetime','',7,'admin','2024-05-07 17:33:29','','2024-05-07 19:31:38'),(168,19,'update_time','更新时间','datetime','Date','updateTime','0','0','0','0','0','1',NULL,'EQ','datetime','',8,'admin','2024-05-07 17:33:29','','2024-05-07 19:31:38'),(169,20,'id','主键','bigint','Long','id','1','1','0','1',NULL,NULL,NULL,'EQ','input','',1,'admin','2024-05-07 17:33:29','','2024-05-07 19:32:10'),(170,20,'dish_id','菜品','bigint','Long','dishId','0','0','1','1','1','1','1','EQ','input','',2,'admin','2024-05-07 17:33:29','','2024-05-07 19:32:10'),(171,20,'name','口味名称','varchar(32)','String','name','0','0','0','1','1','1','1','LIKE','input','',3,'admin','2024-05-07 17:33:29','','2024-05-07 19:32:10'),(172,20,'value','口味列表','varchar(255)','String','value','0','0','0','1','1','1','1','EQ','input','',4,'admin','2024-05-07 17:33:29','','2024-05-07 19:32:10');
/*!40000 ALTER TABLE `gen_table_column` ENABLE KEYS */;
UNLOCK TABLES;

--
-- Table structure for table `qrtz_blob_triggers`
--

DROP TABLE IF EXISTS `qrtz_blob_triggers`;
/*!40101 SET @saved_cs_client     = @@character_set_client */;
/*!50503 SET character_set_client = utf8mb4 */;
CREATE TABLE `qrtz_blob_triggers` (
  `sched_name` varchar(120) NOT NULL COMMENT '调度名称',
  `trigger_name` varchar(200) NOT NULL COMMENT 'qrtz_triggers表trigger_name的外键',
  `trigger_group` varchar(200) NOT NULL COMMENT 'qrtz_triggers表trigger_group的外键',
  `blob_data` blob COMMENT '存放持久化Trigger对象',
  PRIMARY KEY (`sched_name`,`trigger_name`,`trigger_group`),
  CONSTRAINT `qrtz_blob_triggers_ibfk_1` FOREIGN KEY (`sched_name`, `trigger_name`, `trigger_group`) REFERENCES `qrtz_triggers` (`sched_name`, `trigger_name`, `trigger_group`)
) ENGINE=InnoDB DEFAULT CHARSET=utf8mb4 COLLATE=utf8mb4_0900_ai_ci COMMENT='Blob类型的触发器表';
/*!40101 SET character_set_client = @saved_cs_client */;

--
-- Dumping data for table `qrtz_blob_triggers`
--

LOCK TABLES `qrtz_blob_triggers` WRITE;
/*!40000 ALTER TABLE `qrtz_blob_triggers` DISABLE KEYS */;
/*!40000 ALTER TABLE `qrtz_blob_triggers` ENABLE KEYS */;
UNLOCK TABLES;

--
-- Table structure for table `qrtz_calendars`
--

DROP TABLE IF EXISTS `qrtz_calendars`;
/*!40101 SET @saved_cs_client     = @@character_set_client */;
/*!50503 SET character_set_client = utf8mb4 */;
CREATE TABLE `qrtz_calendars` (
  `sched_name` varchar(120) NOT NULL COMMENT '调度名称',
  `calendar_name` varchar(200) NOT NULL COMMENT '日历名称',
  `calendar` blob NOT NULL COMMENT '存放持久化calendar对象',
  PRIMARY KEY (`sched_name`,`calendar_name`)
) ENGINE=InnoDB DEFAULT CHARSET=utf8mb4 COLLATE=utf8mb4_0900_ai_ci COMMENT='日历信息表';
/*!40101 SET character_set_client = @saved_cs_client */;

--
-- Dumping data for table `qrtz_calendars`
--

LOCK TABLES `qrtz_calendars` WRITE;
/*!40000 ALTER TABLE `qrtz_calendars` DISABLE KEYS */;
/*!40000 ALTER TABLE `qrtz_calendars` ENABLE KEYS */;
UNLOCK TABLES;

--
-- Table structure for table `qrtz_cron_triggers`
--

DROP TABLE IF EXISTS `qrtz_cron_triggers`;
/*!40101 SET @saved_cs_client     = @@character_set_client */;
/*!50503 SET character_set_client = utf8mb4 */;
CREATE TABLE `qrtz_cron_triggers` (
  `sched_name` varchar(120) NOT NULL COMMENT '调度名称',
  `trigger_name` varchar(200) NOT NULL COMMENT 'qrtz_triggers表trigger_name的外键',
  `trigger_group` varchar(200) NOT NULL COMMENT 'qrtz_triggers表trigger_group的外键',
  `cron_expression` varchar(200) NOT NULL COMMENT 'cron表达式',
  `time_zone_id` varchar(80) DEFAULT NULL COMMENT '时区',
  PRIMARY KEY (`sched_name`,`trigger_name`,`trigger_group`),
  CONSTRAINT `qrtz_cron_triggers_ibfk_1` FOREIGN KEY (`sched_name`, `trigger_name`, `trigger_group`) REFERENCES `qrtz_triggers` (`sched_name`, `trigger_name`, `trigger_group`)
) ENGINE=InnoDB DEFAULT CHARSET=utf8mb4 COLLATE=utf8mb4_0900_ai_ci COMMENT='Cron类型的触发器表';
/*!40101 SET character_set_client = @saved_cs_client */;

--
-- Dumping data for table `qrtz_cron_triggers`
--

LOCK TABLES `qrtz_cron_triggers` WRITE;
/*!40000 ALTER TABLE `qrtz_cron_triggers` DISABLE KEYS */;
/*!40000 ALTER TABLE `qrtz_cron_triggers` ENABLE KEYS */;
UNLOCK TABLES;

--
-- Table structure for table `qrtz_fired_triggers`
--

DROP TABLE IF EXISTS `qrtz_fired_triggers`;
/*!40101 SET @saved_cs_client     = @@character_set_client */;
/*!50503 SET character_set_client = utf8mb4 */;
CREATE TABLE `qrtz_fired_triggers` (
  `sched_name` varchar(120) NOT NULL COMMENT '调度名称',
  `entry_id` varchar(95) NOT NULL COMMENT '调度器实例id',
  `trigger_name` varchar(200) NOT NULL COMMENT 'qrtz_triggers表trigger_name的外键',
  `trigger_group` varchar(200) NOT NULL COMMENT 'qrtz_triggers表trigger_group的外键',
  `instance_name` varchar(200) NOT NULL COMMENT '调度器实例名',
  `fired_time` bigint NOT NULL COMMENT '触发的时间',
  `sched_time` bigint NOT NULL COMMENT '定时器制定的时间',
  `priority` int NOT NULL COMMENT '优先级',
  `state` varchar(16) NOT NULL COMMENT '状态',
  `job_name` varchar(200) DEFAULT NULL COMMENT '任务名称',
  `job_group` varchar(200) DEFAULT NULL COMMENT '任务组名',
  `is_nonconcurrent` varchar(1) DEFAULT NULL COMMENT '是否并发',
  `requests_recovery` varchar(1) DEFAULT NULL COMMENT '是否接受恢复执行',
  PRIMARY KEY (`sched_name`,`entry_id`)
) ENGINE=InnoDB DEFAULT CHARSET=utf8mb4 COLLATE=utf8mb4_0900_ai_ci COMMENT='已触发的触发器表';
/*!40101 SET character_set_client = @saved_cs_client */;

--
-- Dumping data for table `qrtz_fired_triggers`
--

LOCK TABLES `qrtz_fired_triggers` WRITE;
/*!40000 ALTER TABLE `qrtz_fired_triggers` DISABLE KEYS */;
/*!40000 ALTER TABLE `qrtz_fired_triggers` ENABLE KEYS */;
UNLOCK TABLES;

--
-- Table structure for table `qrtz_job_details`
--

DROP TABLE IF EXISTS `qrtz_job_details`;
/*!40101 SET @saved_cs_client     = @@character_set_client */;
/*!50503 SET character_set_client = utf8mb4 */;
CREATE TABLE `qrtz_job_details` (
  `sched_name` varchar(120) NOT NULL COMMENT '调度名称',
  `job_name` varchar(200) NOT NULL COMMENT '任务名称',
  `job_group` varchar(200) NOT NULL COMMENT '任务组名',
  `description` varchar(250) DEFAULT NULL COMMENT '相关介绍',
  `job_class_name` varchar(250) NOT NULL COMMENT '执行任务类名称',
  `is_durable` varchar(1) NOT NULL COMMENT '是否持久化',
  `is_nonconcurrent` varchar(1) NOT NULL COMMENT '是否并发',
  `is_update_data` varchar(1) NOT NULL COMMENT '是否更新数据',
  `requests_recovery` varchar(1) NOT NULL COMMENT '是否接受恢复执行',
  `job_data` blob COMMENT '存放持久化job对象',
  PRIMARY KEY (`sched_name`,`job_name`,`job_group`)
) ENGINE=InnoDB DEFAULT CHARSET=utf8mb4 COLLATE=utf8mb4_0900_ai_ci COMMENT='任务详细信息表';
/*!40101 SET character_set_client = @saved_cs_client */;

--
-- Dumping data for table `qrtz_job_details`
--

LOCK TABLES `qrtz_job_details` WRITE;
/*!40000 ALTER TABLE `qrtz_job_details` DISABLE KEYS */;
/*!40000 ALTER TABLE `qrtz_job_details` ENABLE KEYS */;
UNLOCK TABLES;

--
-- Table structure for table `qrtz_locks`
--

DROP TABLE IF EXISTS `qrtz_locks`;
/*!40101 SET @saved_cs_client     = @@character_set_client */;
/*!50503 SET character_set_client = utf8mb4 */;
CREATE TABLE `qrtz_locks` (
  `sched_name` varchar(120) NOT NULL COMMENT '调度名称',
  `lock_name` varchar(40) NOT NULL COMMENT '悲观锁名称',
  PRIMARY KEY (`sched_name`,`lock_name`)
) ENGINE=InnoDB DEFAULT CHARSET=utf8mb4 COLLATE=utf8mb4_0900_ai_ci COMMENT='存储的悲观锁信息表';
/*!40101 SET character_set_client = @saved_cs_client */;

--
-- Dumping data for table `qrtz_locks`
--

LOCK TABLES `qrtz_locks` WRITE;
/*!40000 ALTER TABLE `qrtz_locks` DISABLE KEYS */;
/*!40000 ALTER TABLE `qrtz_locks` ENABLE KEYS */;
UNLOCK TABLES;

--
-- Table structure for table `qrtz_paused_trigger_grps`
--

DROP TABLE IF EXISTS `qrtz_paused_trigger_grps`;
/*!40101 SET @saved_cs_client     = @@character_set_client */;
/*!50503 SET character_set_client = utf8mb4 */;
CREATE TABLE `qrtz_paused_trigger_grps` (
  `sched_name` varchar(120) NOT NULL COMMENT '调度名称',
  `trigger_group` varchar(200) NOT NULL COMMENT 'qrtz_triggers表trigger_group的外键',
  PRIMARY KEY (`sched_name`,`trigger_group`)
) ENGINE=InnoDB DEFAULT CHARSET=utf8mb4 COLLATE=utf8mb4_0900_ai_ci COMMENT='暂停的触发器表';
/*!40101 SET character_set_client = @saved_cs_client */;

--
-- Dumping data for table `qrtz_paused_trigger_grps`
--

LOCK TABLES `qrtz_paused_trigger_grps` WRITE;
/*!40000 ALTER TABLE `qrtz_paused_trigger_grps` DISABLE KEYS */;
/*!40000 ALTER TABLE `qrtz_paused_trigger_grps` ENABLE KEYS */;
UNLOCK TABLES;

--
-- Table structure for table `qrtz_scheduler_state`
--

DROP TABLE IF EXISTS `qrtz_scheduler_state`;
/*!40101 SET @saved_cs_client     = @@character_set_client */;
/*!50503 SET character_set_client = utf8mb4 */;
CREATE TABLE `qrtz_scheduler_state` (
  `sched_name` varchar(120) NOT NULL COMMENT '调度名称',
  `instance_name` varchar(200) NOT NULL COMMENT '实例名称',
  `last_checkin_time` bigint NOT NULL COMMENT '上次检查时间',
  `checkin_interval` bigint NOT NULL COMMENT '检查间隔时间',
  PRIMARY KEY (`sched_name`,`instance_name`)
) ENGINE=InnoDB DEFAULT CHARSET=utf8mb4 COLLATE=utf8mb4_0900_ai_ci COMMENT='调度器状态表';
/*!40101 SET character_set_client = @saved_cs_client */;

--
-- Dumping data for table `qrtz_scheduler_state`
--

LOCK TABLES `qrtz_scheduler_state` WRITE;
/*!40000 ALTER TABLE `qrtz_scheduler_state` DISABLE KEYS */;
/*!40000 ALTER TABLE `qrtz_scheduler_state` ENABLE KEYS */;
UNLOCK TABLES;

--
-- Table structure for table `qrtz_simple_triggers`
--

DROP TABLE IF EXISTS `qrtz_simple_triggers`;
/*!40101 SET @saved_cs_client     = @@character_set_client */;
/*!50503 SET character_set_client = utf8mb4 */;
CREATE TABLE `qrtz_simple_triggers` (
  `sched_name` varchar(120) NOT NULL COMMENT '调度名称',
  `trigger_name` varchar(200) NOT NULL COMMENT 'qrtz_triggers表trigger_name的外键',
  `trigger_group` varchar(200) NOT NULL COMMENT 'qrtz_triggers表trigger_group的外键',
  `repeat_count` bigint NOT NULL COMMENT '重复的次数统计',
  `repeat_interval` bigint NOT NULL COMMENT '重复的间隔时间',
  `times_triggered` bigint NOT NULL COMMENT '已经触发的次数',
  PRIMARY KEY (`sched_name`,`trigger_name`,`trigger_group`),
  CONSTRAINT `qrtz_simple_triggers_ibfk_1` FOREIGN KEY (`sched_name`, `trigger_name`, `trigger_group`) REFERENCES `qrtz_triggers` (`sched_name`, `trigger_name`, `trigger_group`)
) ENGINE=InnoDB DEFAULT CHARSET=utf8mb4 COLLATE=utf8mb4_0900_ai_ci COMMENT='简单触发器的信息表';
/*!40101 SET character_set_client = @saved_cs_client */;

--
-- Dumping data for table `qrtz_simple_triggers`
--

LOCK TABLES `qrtz_simple_triggers` WRITE;
/*!40000 ALTER TABLE `qrtz_simple_triggers` DISABLE KEYS */;
/*!40000 ALTER TABLE `qrtz_simple_triggers` ENABLE KEYS */;
UNLOCK TABLES;

--
-- Table structure for table `qrtz_simprop_triggers`
--

DROP TABLE IF EXISTS `qrtz_simprop_triggers`;
/*!40101 SET @saved_cs_client     = @@character_set_client */;
/*!50503 SET character_set_client = utf8mb4 */;
CREATE TABLE `qrtz_simprop_triggers` (
  `sched_name` varchar(120) NOT NULL COMMENT '调度名称',
  `trigger_name` varchar(200) NOT NULL COMMENT 'qrtz_triggers表trigger_name的外键',
  `trigger_group` varchar(200) NOT NULL COMMENT 'qrtz_triggers表trigger_group的外键',
  `str_prop_1` varchar(512) DEFAULT NULL COMMENT 'String类型的trigger的第一个参数',
  `str_prop_2` varchar(512) DEFAULT NULL COMMENT 'String类型的trigger的第二个参数',
  `str_prop_3` varchar(512) DEFAULT NULL COMMENT 'String类型的trigger的第三个参数',
  `int_prop_1` int DEFAULT NULL COMMENT 'int类型的trigger的第一个参数',
  `int_prop_2` int DEFAULT NULL COMMENT 'int类型的trigger的第二个参数',
  `long_prop_1` bigint DEFAULT NULL COMMENT 'long类型的trigger的第一个参数',
  `long_prop_2` bigint DEFAULT NULL COMMENT 'long类型的trigger的第二个参数',
  `dec_prop_1` decimal(13,4) DEFAULT NULL COMMENT 'decimal类型的trigger的第一个参数',
  `dec_prop_2` decimal(13,4) DEFAULT NULL COMMENT 'decimal类型的trigger的第二个参数',
  `bool_prop_1` varchar(1) DEFAULT NULL COMMENT 'Boolean类型的trigger的第一个参数',
  `bool_prop_2` varchar(1) DEFAULT NULL COMMENT 'Boolean类型的trigger的第二个参数',
  PRIMARY KEY (`sched_name`,`trigger_name`,`trigger_group`),
  CONSTRAINT `qrtz_simprop_triggers_ibfk_1` FOREIGN KEY (`sched_name`, `trigger_name`, `trigger_group`) REFERENCES `qrtz_triggers` (`sched_name`, `trigger_name`, `trigger_group`)
) ENGINE=InnoDB DEFAULT CHARSET=utf8mb4 COLLATE=utf8mb4_0900_ai_ci COMMENT='同步机制的行锁表';
/*!40101 SET character_set_client = @saved_cs_client */;

--
-- Dumping data for table `qrtz_simprop_triggers`
--

LOCK TABLES `qrtz_simprop_triggers` WRITE;
/*!40000 ALTER TABLE `qrtz_simprop_triggers` DISABLE KEYS */;
/*!40000 ALTER TABLE `qrtz_simprop_triggers` ENABLE KEYS */;
UNLOCK TABLES;

--
-- Table structure for table `qrtz_triggers`
--

DROP TABLE IF EXISTS `qrtz_triggers`;
/*!40101 SET @saved_cs_client     = @@character_set_client */;
/*!50503 SET character_set_client = utf8mb4 */;
CREATE TABLE `qrtz_triggers` (
  `sched_name` varchar(120) NOT NULL COMMENT '调度名称',
  `trigger_name` varchar(200) NOT NULL COMMENT '触发器的名字',
  `trigger_group` varchar(200) NOT NULL COMMENT '触发器所属组的名字',
  `job_name` varchar(200) NOT NULL COMMENT 'qrtz_job_details表job_name的外键',
  `job_group` varchar(200) NOT NULL COMMENT 'qrtz_job_details表job_group的外键',
  `description` varchar(250) DEFAULT NULL COMMENT '相关介绍',
  `next_fire_time` bigint DEFAULT NULL COMMENT '上一次触发时间（毫秒）',
  `prev_fire_time` bigint DEFAULT NULL COMMENT '下一次触发时间（默认为-1表示不触发）',
  `priority` int DEFAULT NULL COMMENT '优先级',
  `trigger_state` varchar(16) NOT NULL COMMENT '触发器状态',
  `trigger_type` varchar(8) NOT NULL COMMENT '触发器的类型',
  `start_time` bigint NOT NULL COMMENT '开始时间',
  `end_time` bigint DEFAULT NULL COMMENT '结束时间',
  `calendar_name` varchar(200) DEFAULT NULL COMMENT '日程表名称',
  `misfire_instr` smallint DEFAULT NULL COMMENT '补偿执行的策略',
  `job_data` blob COMMENT '存放持久化job对象',
  PRIMARY KEY (`sched_name`,`trigger_name`,`trigger_group`),
  KEY `sched_name` (`sched_name`,`job_name`,`job_group`),
  CONSTRAINT `qrtz_triggers_ibfk_1` FOREIGN KEY (`sched_name`, `job_name`, `job_group`) REFERENCES `qrtz_job_details` (`sched_name`, `job_name`, `job_group`)
) ENGINE=InnoDB DEFAULT CHARSET=utf8mb4 COLLATE=utf8mb4_0900_ai_ci COMMENT='触发器详细信息表';
/*!40101 SET character_set_client = @saved_cs_client */;

--
-- Dumping data for table `qrtz_triggers`
--

LOCK TABLES `qrtz_triggers` WRITE;
/*!40000 ALTER TABLE `qrtz_triggers` DISABLE KEYS */;
/*!40000 ALTER TABLE `qrtz_triggers` ENABLE KEYS */;
UNLOCK TABLES;

--
-- Table structure for table `sys_config`
--

DROP TABLE IF EXISTS `sys_config`;
/*!40101 SET @saved_cs_client     = @@character_set_client */;
/*!50503 SET character_set_client = utf8mb4 */;
CREATE TABLE `sys_config` (
  `config_id` int NOT NULL AUTO_INCREMENT COMMENT '参数主键',
  `config_name` varchar(100) DEFAULT '' COMMENT '参数名称',
  `config_key` varchar(100) DEFAULT '' COMMENT '参数键名',
  `config_value` varchar(500) DEFAULT '' COMMENT '参数键值',
  `config_type` char(1) DEFAULT 'N' COMMENT '系统内置（Y是 N否）',
  `create_by` varchar(64) DEFAULT '' COMMENT '创建者',
  `create_time` datetime DEFAULT NULL COMMENT '创建时间',
  `update_by` varchar(64) DEFAULT '' COMMENT '更新者',
  `update_time` datetime DEFAULT NULL COMMENT '更新时间',
  `remark` varchar(500) DEFAULT NULL COMMENT '备注',
  PRIMARY KEY (`config_id`)
) ENGINE=InnoDB AUTO_INCREMENT=100 DEFAULT CHARSET=utf8mb4 COLLATE=utf8mb4_0900_ai_ci COMMENT='参数配置表';
/*!40101 SET character_set_client = @saved_cs_client */;

--
-- Dumping data for table `sys_config`
--

LOCK TABLES `sys_config` WRITE;
/*!40000 ALTER TABLE `sys_config` DISABLE KEYS */;
INSERT INTO `sys_config` VALUES (1,'主框架页-默认皮肤样式名称','sys.index.skinName','skin-blue','Y','admin','2024-04-22 22:59:49','',NULL,'蓝色 skin-blue、绿色 skin-green、紫色 skin-purple、红色 skin-red、黄色 skin-yellow'),(2,'用户管理-账号初始密码','sys.user.initPassword','123456','Y','admin','2024-04-22 22:59:49','',NULL,'初始化密码 123456'),(3,'主框架页-侧边栏主题','sys.index.sideTheme','theme-dark','Y','admin','2024-04-22 22:59:49','',NULL,'深色主题theme-dark，浅色主题theme-light'),(4,'账号自助-验证码开关','sys.account.captchaEnabled','true','Y','admin','2024-04-22 22:59:49','admin','2024-04-28 22:27:26','是否开启验证码功能（true开启，false关闭）'),(5,'账号自助-是否开启用户注册功能','sys.account.registerUser','true','Y','admin','2024-04-22 22:59:49','admin','2024-04-25 10:21:45','是否开启注册用户功能（true开启，false关闭）'),(6,'用户登录-黑名单列表','sys.login.blackIPList','','Y','admin','2024-04-22 22:59:49','',NULL,'设置登录IP黑名单限制，多个匹配项以;分隔，支持匹配（*通配、网段）');
/*!40000 ALTER TABLE `sys_config` ENABLE KEYS */;
UNLOCK TABLES;

--
-- Table structure for table `sys_dept`
--

DROP TABLE IF EXISTS `sys_dept`;
/*!40101 SET @saved_cs_client     = @@character_set_client */;
/*!50503 SET character_set_client = utf8mb4 */;
CREATE TABLE `sys_dept` (
  `dept_id` bigint NOT NULL AUTO_INCREMENT COMMENT '部门id',
  `parent_id` bigint DEFAULT '0' COMMENT '父部门id',
  `ancestors` varchar(50) DEFAULT '' COMMENT '祖级列表',
  `dept_name` varchar(30) DEFAULT '' COMMENT '部门名称',
  `order_num` int DEFAULT '0' COMMENT '显示顺序',
  `leader` varchar(20) DEFAULT NULL COMMENT '负责人',
  `phone` varchar(11) DEFAULT NULL COMMENT '联系电话',
  `email` varchar(50) DEFAULT NULL COMMENT '邮箱',
  `status` char(1) DEFAULT '0' COMMENT '部门状态（0正常 1停用）',
  `del_flag` char(1) DEFAULT '0' COMMENT '删除标志（0代表存在 2代表删除）',
  `create_by` varchar(64) DEFAULT '' COMMENT '创建者',
  `create_time` datetime DEFAULT NULL COMMENT '创建时间',
  `update_by` varchar(64) DEFAULT '' COMMENT '更新者',
  `update_time` datetime DEFAULT NULL COMMENT '更新时间',
  PRIMARY KEY (`dept_id`)
) ENGINE=InnoDB AUTO_INCREMENT=200 DEFAULT CHARSET=utf8mb4 COLLATE=utf8mb4_0900_ai_ci COMMENT='部门表';
/*!40101 SET character_set_client = @saved_cs_client */;

--
-- Dumping data for table `sys_dept`
--

LOCK TABLES `sys_dept` WRITE;
/*!40000 ALTER TABLE `sys_dept` DISABLE KEYS */;
INSERT INTO `sys_dept` VALUES (100,0,'0','若依科技',0,'若依','15888888888','ry@qq.com','0','0','admin','2024-04-22 22:59:48','',NULL),(101,100,'0,100','深圳总公司',1,'若依','15888888888','ry@qq.com','0','0','admin','2024-04-22 22:59:48','',NULL),(102,100,'0,100','长沙分公司',2,'若依','15888888888','ry@qq.com','0','0','admin','2024-04-22 22:59:48','',NULL),(103,101,'0,100,101','研发部门',1,'若依','15888888888','ry@qq.com','0','0','admin','2024-04-22 22:59:48','',NULL),(104,101,'0,100,101','市场部门',2,'若依','15888888888','ry@qq.com','0','0','admin','2024-04-22 22:59:48','',NULL),(105,101,'0,100,101','测试部门',3,'若依','15888888888','ry@qq.com','0','0','admin','2024-04-22 22:59:48','',NULL),(106,101,'0,100,101','财务部门',4,'若依','15888888888','ry@qq.com','0','0','admin','2024-04-22 22:59:48','',NULL),(107,101,'0,100,101','运维部门',5,'若依','15888888888','ry@qq.com','0','0','admin','2024-04-22 22:59:48','',NULL),(108,102,'0,100,102','市场部门',1,'若依','15888888888','ry@qq.com','0','0','admin','2024-04-22 22:59:48','',NULL),(109,102,'0,100,102','财务部门',2,'若依','15888888888','ry@qq.com','0','0','admin','2024-04-22 22:59:48','',NULL);
/*!40000 ALTER TABLE `sys_dept` ENABLE KEYS */;
UNLOCK TABLES;

--
-- Table structure for table `sys_dict_data`
--

DROP TABLE IF EXISTS `sys_dict_data`;
/*!40101 SET @saved_cs_client     = @@character_set_client */;
/*!50503 SET character_set_client = utf8mb4 */;
CREATE TABLE `sys_dict_data` (
  `dict_code` bigint NOT NULL AUTO_INCREMENT COMMENT '字典编码',
  `dict_sort` int DEFAULT '0' COMMENT '字典排序',
  `dict_label` varchar(100) DEFAULT '' COMMENT '字典标签',
  `dict_value` varchar(100) DEFAULT '' COMMENT '字典键值',
  `dict_type` varchar(100) DEFAULT '' COMMENT '字典类型',
  `css_class` varchar(100) DEFAULT NULL COMMENT '样式属性（其他样式扩展）',
  `list_class` varchar(100) DEFAULT NULL COMMENT '表格回显样式',
  `is_default` char(1) DEFAULT 'N' COMMENT '是否默认（Y是 N否）',
  `status` char(1) DEFAULT '0' COMMENT '状态（0正常 1停用）',
  `create_by` varchar(64) DEFAULT '' COMMENT '创建者',
  `create_time` datetime DEFAULT NULL COMMENT '创建时间',
  `update_by` varchar(64) DEFAULT '' COMMENT '更新者',
  `update_time` datetime DEFAULT NULL COMMENT '更新时间',
  `remark` varchar(500) DEFAULT NULL COMMENT '备注',
  PRIMARY KEY (`dict_code`)
) ENGINE=InnoDB AUTO_INCREMENT=110 DEFAULT CHARSET=utf8mb4 COLLATE=utf8mb4_0900_ai_ci COMMENT='字典数据表';
/*!40101 SET character_set_client = @saved_cs_client */;

--
-- Dumping data for table `sys_dict_data`
--

LOCK TABLES `sys_dict_data` WRITE;
/*!40000 ALTER TABLE `sys_dict_data` DISABLE KEYS */;
INSERT INTO `sys_dict_data` VALUES (1,1,'男性','0','sys_user_sex','','','Y','0','admin','2024-04-22 22:59:49','admin','2024-04-24 19:46:18','性别男'),(2,2,'女性','1','sys_user_sex','','','N','0','admin','2024-04-22 22:59:49','admin','2024-04-24 19:46:26','性别女'),(3,3,'未知','2','sys_user_sex','','','N','0','admin','2024-04-22 22:59:49','',NULL,'性别未知'),(4,1,'显示','0','sys_show_hide','','primary','Y','0','admin','2024-04-22 22:59:49','',NULL,'显示菜单'),(5,2,'隐藏','1','sys_show_hide','','danger','N','0','admin','2024-04-22 22:59:49','',NULL,'隐藏菜单'),(6,1,'正常','0','sys_normal_disable','','primary','Y','0','admin','2024-04-22 22:59:49','',NULL,'正常状态'),(7,2,'停用','1','sys_normal_disable','','danger','N','0','admin','2024-04-22 22:59:49','',NULL,'停用状态'),(8,1,'正常','0','sys_job_status','','primary','Y','0','admin','2024-04-22 22:59:49','',NULL,'正常状态'),(9,2,'暂停','1','sys_job_status','','danger','N','0','admin','2024-04-22 22:59:49','',NULL,'停用状态'),(10,1,'默认','DEFAULT','sys_job_group','','','Y','0','admin','2024-04-22 22:59:49','',NULL,'默认分组'),(11,2,'系统','SYSTEM','sys_job_group','','','N','0','admin','2024-04-22 22:59:49','',NULL,'系统分组'),(12,1,'是','Y','sys_yes_no','','primary','Y','0','admin','2024-04-22 22:59:49','',NULL,'系统默认是'),(13,2,'否','N','sys_yes_no','','danger','N','0','admin','2024-04-22 22:59:49','',NULL,'系统默认否'),(14,1,'通知','1','sys_notice_type','','warning','Y','0','admin','2024-04-22 22:59:49','',NULL,'通知'),(15,2,'公告','2','sys_notice_type','','success','N','0','admin','2024-04-22 22:59:49','',NULL,'公告'),(16,1,'正常','0','sys_notice_status','','primary','Y','0','admin','2024-04-22 22:59:49','',NULL,'正常状态'),(17,2,'关闭','1','sys_notice_status','','danger','N','0','admin','2024-04-22 22:59:49','',NULL,'关闭状态'),(18,99,'其他','0','sys_oper_type','','info','N','0','admin','2024-04-22 22:59:49','',NULL,'其他操作'),(19,1,'新增','1','sys_oper_type','','info','N','0','admin','2024-04-22 22:59:49','',NULL,'新增操作'),(20,2,'修改','2','sys_oper_type','','info','N','0','admin','2024-04-22 22:59:49','',NULL,'修改操作'),(21,3,'删除','3','sys_oper_type','','danger','N','0','admin','2024-04-22 22:59:49','',NULL,'删除操作'),(22,4,'授权','4','sys_oper_type','','primary','N','0','admin','2024-04-22 22:59:49','',NULL,'授权操作'),(23,5,'导出','5','sys_oper_type','','warning','N','0','admin','2024-04-22 22:59:49','',NULL,'导出操作'),(24,6,'导入','6','sys_oper_type','','warning','N','0','admin','2024-04-22 22:59:49','',NULL,'导入操作'),(25,7,'强退','7','sys_oper_type','','danger','N','0','admin','2024-04-22 22:59:49','',NULL,'强退操作'),(26,8,'生成代码','8','sys_oper_type','','warning','N','0','admin','2024-04-22 22:59:49','',NULL,'生成操作'),(27,9,'清空数据','9','sys_oper_type','','danger','N','0','admin','2024-04-22 22:59:49','',NULL,'清空操作'),(28,1,'成功','0','sys_common_status','','primary','N','0','admin','2024-04-22 22:59:49','',NULL,'正常状态'),(29,2,'失败','1','sys_common_status','','danger','N','0','admin','2024-04-22 22:59:49','',NULL,'停用状态'),(100,1,'JavaEE','0','course_subject',NULL,'default','N','0','admin','2024-04-24 21:04:46','',NULL,'JavaEE'),(101,2,'Python+大数据','1','course_subject',NULL,'default','N','0','admin','2024-04-24 21:05:05','',NULL,'Python+大数据'),(102,3,'鸿蒙应用开发','2','course_subject',NULL,'default','N','0','admin','2024-04-24 21:05:19','',NULL,'鸿蒙应用开发'),(108,1,'停售','0','dish_status',NULL,'default','N','0','admin','2024-05-07 19:00:42','',NULL,NULL),(109,2,'起售','1','dish_status',NULL,'default','N','0','admin','2024-05-07 19:00:51','',NULL,NULL);
/*!40000 ALTER TABLE `sys_dict_data` ENABLE KEYS */;
UNLOCK TABLES;

--
-- Table structure for table `sys_dict_type`
--

DROP TABLE IF EXISTS `sys_dict_type`;
/*!40101 SET @saved_cs_client     = @@character_set_client */;
/*!50503 SET character_set_client = utf8mb4 */;
CREATE TABLE `sys_dict_type` (
  `dict_id` bigint NOT NULL AUTO_INCREMENT COMMENT '字典主键',
  `dict_name` varchar(100) DEFAULT '' COMMENT '字典名称',
  `dict_type` varchar(100) DEFAULT '' COMMENT '字典类型',
  `status` char(1) DEFAULT '0' COMMENT '状态（0正常 1停用）',
  `create_by` varchar(64) DEFAULT '' COMMENT '创建者',
  `create_time` datetime DEFAULT NULL COMMENT '创建时间',
  `update_by` varchar(64) DEFAULT '' COMMENT '更新者',
  `update_time` datetime DEFAULT NULL COMMENT '更新时间',
  `remark` varchar(500) DEFAULT NULL COMMENT '备注',
  PRIMARY KEY (`dict_id`),
  UNIQUE KEY `dict_type` (`dict_type`)
) ENGINE=InnoDB AUTO_INCREMENT=106 DEFAULT CHARSET=utf8mb4 COLLATE=utf8mb4_0900_ai_ci COMMENT='字典类型表';
/*!40101 SET character_set_client = @saved_cs_client */;

--
-- Dumping data for table `sys_dict_type`
--

LOCK TABLES `sys_dict_type` WRITE;
/*!40000 ALTER TABLE `sys_dict_type` DISABLE KEYS */;
INSERT INTO `sys_dict_type` VALUES (1,'用户性别','sys_user_sex','0','admin','2024-04-22 22:59:49','',NULL,'用户性别列表'),(2,'菜单状态','sys_show_hide','0','admin','2024-04-22 22:59:49','',NULL,'菜单状态列表'),(3,'系统开关','sys_normal_disable','0','admin','2024-04-22 22:59:49','',NULL,'系统开关列表'),(4,'任务状态','sys_job_status','0','admin','2024-04-22 22:59:49','',NULL,'任务状态列表'),(5,'任务分组','sys_job_group','0','admin','2024-04-22 22:59:49','',NULL,'任务分组列表'),(6,'系统是否','sys_yes_no','0','admin','2024-04-22 22:59:49','',NULL,'系统是否列表'),(7,'通知类型','sys_notice_type','0','admin','2024-04-22 22:59:49','',NULL,'通知类型列表'),(8,'通知状态','sys_notice_status','0','admin','2024-04-22 22:59:49','',NULL,'通知状态列表'),(9,'操作类型','sys_oper_type','0','admin','2024-04-22 22:59:49','',NULL,'操作类型列表'),(10,'系统状态','sys_common_status','0','admin','2024-04-22 22:59:49','',NULL,'登录状态列表'),(100,'学科','course_subject','0','admin','2024-04-24 21:04:07','',NULL,'课程学科'),(105,'售卖状态','dish_status','0','admin','2024-05-07 19:00:26','',NULL,NULL);
/*!40000 ALTER TABLE `sys_dict_type` ENABLE KEYS */;
UNLOCK TABLES;

--
-- Table structure for table `sys_job`
--

DROP TABLE IF EXISTS `sys_job`;
/*!40101 SET @saved_cs_client     = @@character_set_client */;
/*!50503 SET character_set_client = utf8mb4 */;
CREATE TABLE `sys_job` (
  `job_id` bigint NOT NULL AUTO_INCREMENT COMMENT '任务ID',
  `job_name` varchar(64) NOT NULL DEFAULT '' COMMENT '任务名称',
  `job_group` varchar(64) NOT NULL DEFAULT 'DEFAULT' COMMENT '任务组名',
  `invoke_target` varchar(500) NOT NULL COMMENT '调用目标字符串',
  `cron_expression` varchar(255) DEFAULT '' COMMENT 'cron执行表达式',
  `misfire_policy` varchar(20) DEFAULT '3' COMMENT '计划执行错误策略（1立即执行 2执行一次 3放弃执行）',
  `concurrent` char(1) DEFAULT '1' COMMENT '是否并发执行（0允许 1禁止）',
  `status` char(1) DEFAULT '0' COMMENT '状态（0正常 1暂停）',
  `create_by` varchar(64) DEFAULT '' COMMENT '创建者',
  `create_time` datetime DEFAULT NULL COMMENT '创建时间',
  `update_by` varchar(64) DEFAULT '' COMMENT '更新者',
  `update_time` datetime DEFAULT NULL COMMENT '更新时间',
  `remark` varchar(500) DEFAULT '' COMMENT '备注信息',
  PRIMARY KEY (`job_id`,`job_name`,`job_group`)
) ENGINE=InnoDB AUTO_INCREMENT=103 DEFAULT CHARSET=utf8mb4 COLLATE=utf8mb4_0900_ai_ci COMMENT='定时任务调度表';
/*!40101 SET character_set_client = @saved_cs_client */;

--
-- Dumping data for table `sys_job`
--

LOCK TABLES `sys_job` WRITE;
/*!40000 ALTER TABLE `sys_job` DISABLE KEYS */;
INSERT INTO `sys_job` VALUES (1,'系统默认（无参）','DEFAULT','ryTask.ryNoParams','0/10 * * * * ?','3','1','1','admin','2024-04-22 22:59:49','admin','2024-04-23 16:28:33',''),(2,'系统默认（有参）','DEFAULT','ryTask.ryParams(\'ry\')','0/15 * * * * ?','3','1','1','admin','2024-04-22 22:59:49','',NULL,''),(3,'系统默认（多参）','DEFAULT','ryTask.ryMultipleParams(\'ry\', true, 2000L, 316.50D, 100)','0/20 * * * * ?','3','1','1','admin','2024-04-22 22:59:49','',NULL,''),(102,'输出时间','DEFAULT','myTask.showTime()','0/5 * * * * ?','1','1','1','admin','2024-04-25 17:28:59','admin','2024-04-25 18:45:46','');
/*!40000 ALTER TABLE `sys_job` ENABLE KEYS */;
UNLOCK TABLES;

--
-- Table structure for table `sys_job_log`
--

DROP TABLE IF EXISTS `sys_job_log`;
/*!40101 SET @saved_cs_client     = @@character_set_client */;
/*!50503 SET character_set_client = utf8mb4 */;
CREATE TABLE `sys_job_log` (
  `job_log_id` bigint NOT NULL AUTO_INCREMENT COMMENT '任务日志ID',
  `job_name` varchar(64) NOT NULL COMMENT '任务名称',
  `job_group` varchar(64) NOT NULL COMMENT '任务组名',
  `invoke_target` varchar(500) NOT NULL COMMENT '调用目标字符串',
  `job_message` varchar(500) DEFAULT NULL COMMENT '日志信息',
  `status` char(1) DEFAULT '0' COMMENT '执行状态（0正常 1失败）',
  `exception_info` varchar(2000) DEFAULT '' COMMENT '异常信息',
  `create_time` datetime DEFAULT NULL COMMENT '创建时间',
  PRIMARY KEY (`job_log_id`)
) ENGINE=InnoDB AUTO_INCREMENT=24 DEFAULT CHARSET=utf8mb4 COLLATE=utf8mb4_0900_ai_ci COMMENT='定时任务调度日志表';
/*!40101 SET character_set_client = @saved_cs_client */;

--
-- Dumping data for table `sys_job_log`
--

LOCK TABLES `sys_job_log` WRITE;
/*!40000 ALTER TABLE `sys_job_log` DISABLE KEYS */;
INSERT INTO `sys_job_log` VALUES (1,'系统默认（无参）','DEFAULT','ryTask.ryNoParams','系统默认（无参） 总共耗时：6毫秒','0','','2024-04-23 16:28:00'),(2,'系统默认（无参）','DEFAULT','ryTask.ryNoParams','系统默认（无参） 总共耗时：0毫秒','0','','2024-04-23 16:28:10'),(3,'输出时间','DEFAULT','myTask.showTime()','输出时间 总共耗时：3毫秒','0','','2024-04-23 19:18:59'),(4,'输出时间','DEFAULT','myTask.showTime()','输出时间 总共耗时：0毫秒','0','','2024-04-23 19:19:00'),(5,'输出时间','DEFAULT','myTask.showTime()','输出时间 总共耗时：0毫秒','0','','2024-04-23 19:19:05'),(6,'输出时间','DEFAULT','myTask.showTime()','输出时间 总共耗时：0毫秒','0','','2024-04-23 19:19:10'),(7,'输出时间','DEFAULT','myTask.showTime()','输出时间 总共耗时：0毫秒','0','','2024-04-23 19:19:15'),(8,'输出时间','DEFAULT','myTask.showTime()','输出时间 总共耗时：0毫秒','0','','2024-04-23 19:19:20'),(9,'输出时间','DEFAULT','ryTask.showTime()','输出时间 总共耗时：3毫秒','1','java.lang.NoSuchMethodException: com.ruoyi.quartz.task.RyTask.showTime()\r\n	at java.base/java.lang.Class.getMethod(Class.java:2109)\r\n	at com.ruoyi.quartz.util.JobInvokeUtil.invokeMethod(JobInvokeUtil.java:60)\r\n	at com.ruoyi.quartz.util.JobInvokeUtil.invokeMethod(JobInvokeUtil.java:33)\r\n	at com.ruoyi.quartz.util.QuartzDisallowConcurrentExecution.doExecute(QuartzDisallowConcurrentExecution.java:19)\r\n	at com.ruoyi.quartz.util.AbstractQuartzJob.execute(AbstractQuartzJob.java:43)\r\n	at org.quartz.core.JobRunShell.run(JobRunShell.java:202)\r\n	at org.quartz.simpl.SimpleThreadPool$WorkerThread.run(SimpleThreadPool.java:573)\r\n','2024-04-25 17:20:11'),(10,'输出时间','DEFAULT','ryTask.showTime()','输出时间 总共耗时：2毫秒','1','java.lang.NoSuchMethodException: com.ruoyi.quartz.task.RyTask.showTime()\r\n	at java.base/java.lang.Class.getMethod(Class.java:2109)\r\n	at com.ruoyi.quartz.util.JobInvokeUtil.invokeMethod(JobInvokeUtil.java:60)\r\n	at com.ruoyi.quartz.util.JobInvokeUtil.invokeMethod(JobInvokeUtil.java:33)\r\n	at com.ruoyi.quartz.util.QuartzDisallowConcurrentExecution.doExecute(QuartzDisallowConcurrentExecution.java:19)\r\n	at com.ruoyi.quartz.util.AbstractQuartzJob.execute(AbstractQuartzJob.java:43)\r\n	at org.quartz.core.JobRunShell.run(JobRunShell.java:202)\r\n	at org.quartz.simpl.SimpleThreadPool$WorkerThread.run(SimpleThreadPool.java:573)\r\n','2024-04-25 17:20:15'),(11,'输出时间','DEFAULT','ryTask.showTime()','输出时间 总共耗时：0毫秒','1','java.lang.NoSuchMethodException: com.ruoyi.quartz.task.RyTask.showTime()\r\n	at java.base/java.lang.Class.getMethod(Class.java:2109)\r\n	at com.ruoyi.quartz.util.JobInvokeUtil.invokeMethod(JobInvokeUtil.java:60)\r\n	at com.ruoyi.quartz.util.JobInvokeUtil.invokeMethod(JobInvokeUtil.java:33)\r\n	at com.ruoyi.quartz.util.QuartzDisallowConcurrentExecution.doExecute(QuartzDisallowConcurrentExecution.java:19)\r\n	at com.ruoyi.quartz.util.AbstractQuartzJob.execute(AbstractQuartzJob.java:43)\r\n	at org.quartz.core.JobRunShell.run(JobRunShell.java:202)\r\n	at org.quartz.simpl.SimpleThreadPool$WorkerThread.run(SimpleThreadPool.java:573)\r\n','2024-04-25 17:20:20'),(12,'输出时间','DEFAULT','ryTask.showTime()','输出时间 总共耗时：0毫秒','1','java.lang.NoSuchMethodException: com.ruoyi.quartz.task.RyTask.showTime()\r\n	at java.base/java.lang.Class.getMethod(Class.java:2109)\r\n	at com.ruoyi.quartz.util.JobInvokeUtil.invokeMethod(JobInvokeUtil.java:60)\r\n	at com.ruoyi.quartz.util.JobInvokeUtil.invokeMethod(JobInvokeUtil.java:33)\r\n	at com.ruoyi.quartz.util.QuartzDisallowConcurrentExecution.doExecute(QuartzDisallowConcurrentExecution.java:19)\r\n	at com.ruoyi.quartz.util.AbstractQuartzJob.execute(AbstractQuartzJob.java:43)\r\n	at org.quartz.core.JobRunShell.run(JobRunShell.java:202)\r\n	at org.quartz.simpl.SimpleThreadPool$WorkerThread.run(SimpleThreadPool.java:573)\r\n','2024-04-25 17:20:25'),(13,'输出时间','DEFAULT','ryTask.showTime()','输出时间 总共耗时：0毫秒','1','java.lang.NoSuchMethodException: com.ruoyi.quartz.task.RyTask.showTime()\r\n	at java.base/java.lang.Class.getMethod(Class.java:2109)\r\n	at com.ruoyi.quartz.util.JobInvokeUtil.invokeMethod(JobInvokeUtil.java:60)\r\n	at com.ruoyi.quartz.util.JobInvokeUtil.invokeMethod(JobInvokeUtil.java:33)\r\n	at com.ruoyi.quartz.util.QuartzDisallowConcurrentExecution.doExecute(QuartzDisallowConcurrentExecution.java:19)\r\n	at com.ruoyi.quartz.util.AbstractQuartzJob.execute(AbstractQuartzJob.java:43)\r\n	at org.quartz.core.JobRunShell.run(JobRunShell.java:202)\r\n	at org.quartz.simpl.SimpleThreadPool$WorkerThread.run(SimpleThreadPool.java:573)\r\n','2024-04-25 17:20:30'),(14,'输出时间','DEFAULT','ryTask.showTime()','输出时间 总共耗时：0毫秒','1','java.lang.NoSuchMethodException: com.ruoyi.quartz.task.RyTask.showTime()\r\n	at java.base/java.lang.Class.getMethod(Class.java:2109)\r\n	at com.ruoyi.quartz.util.JobInvokeUtil.invokeMethod(JobInvokeUtil.java:60)\r\n	at com.ruoyi.quartz.util.JobInvokeUtil.invokeMethod(JobInvokeUtil.java:33)\r\n	at com.ruoyi.quartz.util.QuartzDisallowConcurrentExecution.doExecute(QuartzDisallowConcurrentExecution.java:19)\r\n	at com.ruoyi.quartz.util.AbstractQuartzJob.execute(AbstractQuartzJob.java:43)\r\n	at org.quartz.core.JobRunShell.run(JobRunShell.java:202)\r\n	at org.quartz.simpl.SimpleThreadPool$WorkerThread.run(SimpleThreadPool.java:573)\r\n','2024-04-25 17:20:35'),(15,'输出时间','DEFAULT','ryTask.showTime()','输出时间 总共耗时：0毫秒','1','java.lang.NoSuchMethodException: com.ruoyi.quartz.task.RyTask.showTime()\r\n	at java.base/java.lang.Class.getMethod(Class.java:2109)\r\n	at com.ruoyi.quartz.util.JobInvokeUtil.invokeMethod(JobInvokeUtil.java:60)\r\n	at com.ruoyi.quartz.util.JobInvokeUtil.invokeMethod(JobInvokeUtil.java:33)\r\n	at com.ruoyi.quartz.util.QuartzDisallowConcurrentExecution.doExecute(QuartzDisallowConcurrentExecution.java:19)\r\n	at com.ruoyi.quartz.util.AbstractQuartzJob.execute(AbstractQuartzJob.java:43)\r\n	at org.quartz.core.JobRunShell.run(JobRunShell.java:202)\r\n	at org.quartz.simpl.SimpleThreadPool$WorkerThread.run(SimpleThreadPool.java:573)\r\n','2024-04-25 17:20:40'),(16,'输出时间','DEFAULT','myTask.showTime()','输出时间 总共耗时：1毫秒','0','','2024-04-25 17:29:09'),(17,'输出时间','DEFAULT','myTask.showTime()','输出时间 总共耗时：0毫秒','0','','2024-04-25 17:29:09'),(18,'输出时间','DEFAULT','myTask.showTime()','输出时间 总共耗时：0毫秒','0','','2024-04-25 17:29:10'),(19,'输出时间','DEFAULT','myTask.showTime()','输出时间 总共耗时：0毫秒','0','','2024-04-25 17:29:15'),(20,'输出时间','DEFAULT','myTask.showTime()','输出时间 总共耗时：0毫秒','0','','2024-04-25 17:29:20'),(21,'输出时间','DEFAULT','myTask.showTime()','输出时间 总共耗时：0毫秒','0','','2024-04-25 17:29:25'),(22,'输出时间','DEFAULT','myTask.showTime()','输出时间 总共耗时：0毫秒','0','','2024-04-25 17:29:30'),(23,'输出时间','DEFAULT','myTask.showTime()','输出时间 总共耗时：0毫秒','0','','2024-04-25 17:29:35');
/*!40000 ALTER TABLE `sys_job_log` ENABLE KEYS */;
UNLOCK TABLES;

--
-- Table structure for table `sys_logininfor`
--

DROP TABLE IF EXISTS `sys_logininfor`;
/*!40101 SET @saved_cs_client     = @@character_set_client */;
/*!50503 SET character_set_client = utf8mb4 */;
CREATE TABLE `sys_logininfor` (
  `info_id` bigint NOT NULL AUTO_INCREMENT COMMENT '访问ID',
  `user_name` varchar(50) DEFAULT '' COMMENT '用户账号',
  `ipaddr` varchar(128) DEFAULT '' COMMENT '登录IP地址',
  `login_location` varchar(255) DEFAULT '' COMMENT '登录地点',
  `browser` varchar(50) DEFAULT '' COMMENT '浏览器类型',
  `os` varchar(50) DEFAULT '' COMMENT '操作系统',
  `status` char(1) DEFAULT '0' COMMENT '登录状态（0成功 1失败）',
  `msg` varchar(255) DEFAULT '' COMMENT '提示消息',
  `login_time` datetime DEFAULT NULL COMMENT '访问时间',
  PRIMARY KEY (`info_id`),
  KEY `idx_sys_logininfor_s` (`status`),
  KEY `idx_sys_logininfor_lt` (`login_time`)
) ENGINE=InnoDB AUTO_INCREMENT=400 DEFAULT CHARSET=utf8mb4 COLLATE=utf8mb4_0900_ai_ci COMMENT='系统访问记录';
/*!40101 SET character_set_client = @saved_cs_client */;

--
-- Dumping data for table `sys_logininfor`
--

LOCK TABLES `sys_logininfor` WRITE;
/*!40000 ALTER TABLE `sys_logininfor` DISABLE KEYS */;
INSERT INTO `sys_logininfor` VALUES (100,'admin','127.0.0.1','内网IP','Chrome 12','Windows 10','0','登录成功','2024-04-22 23:56:34'),(101,'admin','127.0.0.1','内网IP','Chrome 12','Windows 10','0','退出成功','2024-04-23 00:05:11'),(102,'admin','127.0.0.1','内网IP','Chrome 12','Windows 10','1','验证码已失效','2024-04-23 00:13:37'),(103,'admin','127.0.0.1','内网IP','Chrome 12','Windows 10','0','登录成功','2024-04-23 00:14:33'),(104,'admin','127.0.0.1','内网IP','Chrome 12','Windows 10','0','退出成功','2024-04-23 00:15:14'),(105,'admin','127.0.0.1','内网IP','Chrome 12','Windows 10','0','登录成功','2024-04-23 00:15:34'),(106,'admin','127.0.0.1','内网IP','Chrome 12','Windows 10','0','登录成功','2024-04-23 09:02:11'),(107,'admin','127.0.0.1','内网IP','Chrome 12','Windows 10','0','退出成功','2024-04-23 09:05:38'),(108,'admin','127.0.0.1','内网IP','Chrome 12','Windows 10','0','登录成功','2024-04-23 09:37:06'),(109,'admin','127.0.0.1','内网IP','Chrome 12','Windows 10','0','登录成功','2024-04-23 10:08:36'),(110,'admin','127.0.0.1','内网IP','Chrome 12','Windows 10','0','退出成功','2024-04-23 10:19:53'),(111,'admin','127.0.0.1','内网IP','Chrome 12','Windows 10','0','登录成功','2024-04-23 10:42:25'),(112,'admin','127.0.0.1','内网IP','Chrome 12','Windows 10','0','登录成功','2024-04-23 12:29:39'),(113,'admin','127.0.0.1','内网IP','Chrome 12','Windows 10','0','登录成功','2024-04-23 14:04:20'),(114,'admin','127.0.0.1','内网IP','Chrome 12','Windows 10','0','登录成功','2024-04-23 14:43:25'),(115,'admin','127.0.0.1','内网IP','Chrome 12','Windows 10','0','退出成功','2024-04-23 15:10:21'),(116,'admin','127.0.0.1','内网IP','Chrome 12','Windows 10','0','登录成功','2024-04-23 15:10:24'),(117,'admin','127.0.0.1','内网IP','Chrome 12','Windows 10','0','退出成功','2024-04-23 15:59:51'),(118,'admin','127.0.0.1','内网IP','Chrome 12','Windows 10','0','登录成功','2024-04-23 15:59:56'),(119,'admin','127.0.0.1','内网IP','Chrome 12','Windows 10','0','退出成功','2024-04-23 16:10:44'),(120,'admin','127.0.0.1','内网IP','Chrome 12','Windows 10','0','登录成功','2024-04-23 16:10:51'),(121,'admin','127.0.0.1','内网IP','Chrome 12','Windows 10','0','登录成功','2024-04-23 17:09:55'),(122,'admin','127.0.0.1','内网IP','Chrome 12','Windows 10','0','登录成功','2024-04-23 17:37:50'),(123,'admin','127.0.0.1','内网IP','Chrome 12','Windows 10','0','登录成功','2024-04-23 19:15:54'),(124,'admin','127.0.0.1','内网IP','Chrome 12','Windows 10','0','登录成功','2024-04-23 19:48:24'),(125,'admin','127.0.0.1','内网IP','Chrome 12','Windows 10','0','退出成功','2024-04-23 20:22:53'),(126,'admin','127.0.0.1','内网IP','Chrome 12','Windows 10','0','登录成功','2024-04-23 20:22:55'),(127,'admin','127.0.0.1','内网IP','Chrome 12','Windows 10','0','登录成功','2024-04-23 21:12:45'),(128,'admin','127.0.0.1','内网IP','Chrome 12','Windows 10','0','登录成功','2024-04-23 22:11:04'),(129,'admin','127.0.0.1','内网IP','Chrome 12','Windows 10','0','登录成功','2024-04-24 10:16:37'),(130,'admin','127.0.0.1','内网IP','Chrome 12','Windows 10','0','登录成功','2024-04-24 11:01:28'),(131,'admin','127.0.0.1','内网IP','Chrome 12','Windows 10','0','登录成功','2024-04-24 11:43:15'),(132,'admin','127.0.0.1','内网IP','Chrome 12','Windows 10','0','退出成功','2024-04-24 11:49:34'),(133,'xiaozhi','127.0.0.1','内网IP','Chrome 12','Windows 10','0','登录成功','2024-04-24 11:49:39'),(134,'admin','127.0.0.1','内网IP','Chrome 12','Windows 10','0','登录成功','2024-04-24 12:22:23'),(135,'admin','127.0.0.1','内网IP','Chrome 12','Windows 10','0','退出成功','2024-04-24 12:37:58'),(136,'admin','127.0.0.1','内网IP','Chrome 12','Windows 10','0','登录成功','2024-04-24 12:38:02'),(137,'admin','127.0.0.1','内网IP','Chrome 12','Windows 10','1','验证码错误','2024-04-24 15:16:01'),(138,'admin','127.0.0.1','内网IP','Chrome 12','Windows 10','0','登录成功','2024-04-24 15:16:12'),(139,'admin','127.0.0.1','内网IP','Chrome 12','Windows 10','0','退出成功','2024-04-24 15:31:36'),(140,'xiaozhi','127.0.0.1','内网IP','Chrome 12','Windows 10','0','登录成功','2024-04-24 15:31:44'),(141,'xiaozhi','127.0.0.1','内网IP','Chrome 12','Windows 10','1','验证码错误','2024-04-24 16:38:59'),(142,'admin','127.0.0.1','内网IP','Chrome 12','Windows 10','0','登录成功','2024-04-24 16:39:06'),(143,'admin','127.0.0.1','内网IP','Chrome 12','Windows 10','0','登录成功','2024-04-24 19:15:33'),(144,'admin','127.0.0.1','内网IP','Chrome 12','Windows 10','1','验证码错误','2024-04-24 21:40:45'),(145,'admin','127.0.0.1','内网IP','Chrome 12','Windows 10','0','登录成功','2024-04-24 21:40:49'),(146,'admin','127.0.0.1','内网IP','Chrome 12','Windows 10','0','登录成功','2024-04-25 09:48:52'),(147,'admin','127.0.0.1','内网IP','Chrome 12','Windows 10','0','退出成功','2024-04-25 09:50:40'),(148,'admin','127.0.0.1','内网IP','Chrome 12','Windows 10','0','登录成功','2024-04-25 09:50:45'),(149,'admin','127.0.0.1','内网IP','Chrome 12','Windows 10','0','退出成功','2024-04-25 09:56:02'),(150,'admin','127.0.0.1','内网IP','Chrome 12','Windows 10','1','验证码错误','2024-04-25 09:56:06'),(151,'admin','127.0.0.1','内网IP','Chrome 12','Windows 10','1','用户不存在/密码错误','2024-04-25 09:56:10'),(152,'admin','127.0.0.1','内网IP','Chrome 12','Windows 10','1','用户不存在/密码错误','2024-04-25 09:56:17'),(153,'admin','127.0.0.1','内网IP','Chrome 12','Windows 10','0','登录成功','2024-04-25 09:56:23'),(154,'admin','127.0.0.1','内网IP','Chrome 12','Windows 10','0','退出成功','2024-04-25 10:05:17'),(155,'admin','127.0.0.1','内网IP','Chrome 12','Windows 10','1','验证码已失效','2024-04-25 10:08:40'),(156,'admin','127.0.0.1','内网IP','Chrome 12','Windows 10','0','登录成功','2024-04-25 10:08:43'),(157,'admin','127.0.0.1','内网IP','Chrome 12','Windows 10','0','退出成功','2024-04-25 10:21:11'),(158,'admin','127.0.0.1','内网IP','Chrome 12','Windows 10','0','登录成功','2024-04-25 10:21:19'),(159,'admin','127.0.0.1','内网IP','Chrome 12','Windows 10','0','退出成功','2024-04-25 10:22:40'),(160,'admin','127.0.0.1','内网IP','Chrome 12','Windows 10','0','登录成功','2024-04-25 10:23:22'),(161,'admin','127.0.0.1','内网IP','Chrome 12','Windows 10','0','登录成功','2024-04-25 11:29:39'),(162,'admin','127.0.0.1','内网IP','Chrome 12','Windows 10','0','登录成功','2024-04-25 12:42:02'),(163,'admin','127.0.0.1','内网IP','Chrome 12','Windows 10','0','登录成功','2024-04-25 15:49:58'),(164,'admin','127.0.0.1','内网IP','Chrome 12','Windows 10','0','登录成功','2024-04-25 17:19:11'),(165,'admin','127.0.0.1','内网IP','Chrome 12','Windows 10','0','登录成功','2024-04-25 18:23:59'),(166,'admin','127.0.0.1','内网IP','Chrome 12','Windows 10','0','登录成功','2024-04-25 20:54:09'),(167,'admin','127.0.0.1','内网IP','Chrome 12','Windows 10','0','登录成功','2024-04-25 22:08:39'),(168,'admin','127.0.0.1','内网IP','Chrome 12','Windows 10','0','登录成功','2024-04-26 08:39:07'),(169,'admin','127.0.0.1','内网IP','Chrome 12','Windows 10','0','登录成功','2024-04-26 10:03:02'),(170,'admin','127.0.0.1','内网IP','Chrome 12','Windows 10','0','登录成功','2024-04-26 10:47:55'),(171,'admin','127.0.0.1','内网IP','Chrome 12','Windows 10','0','登录成功','2024-04-26 13:14:26'),(172,'admin','127.0.0.1','内网IP','Chrome 12','Windows 10','0','登录成功','2024-04-26 13:27:09'),(173,'admin','127.0.0.1','内网IP','Chrome 12','Windows 10','0','登录成功','2024-04-26 15:14:21'),(174,'admin','127.0.0.1','内网IP','Chrome 12','Windows 10','0','登录成功','2024-04-26 16:05:14'),(175,'admin','127.0.0.1','内网IP','Chrome 12','Windows 10','1','用户不存在/密码错误','2024-04-26 19:21:28'),(176,'admin','127.0.0.1','内网IP','Chrome 12','Windows 10','1','用户不存在/密码错误','2024-04-26 19:21:29'),(177,'admin','127.0.0.1','内网IP','Chrome 12','Windows 10','1','用户不存在/密码错误','2024-04-26 19:21:30'),(178,'admin','127.0.0.1','内网IP','Chrome 12','Windows 10','1','用户不存在/密码错误','2024-04-26 19:21:30'),(179,'admin','127.0.0.1','内网IP','Chrome 12','Windows 10','1','用户不存在/密码错误','2024-04-26 19:21:31'),(180,'admin','127.0.0.1','内网IP','Chrome 12','Windows 10','1','密码输入错误5次，帐户锁定10分钟','2024-04-26 19:21:31'),(181,'admin','127.0.0.1','内网IP','Chrome 12','Windows 10','1','密码输入错误5次，帐户锁定10分钟','2024-04-26 19:21:31'),(182,'admin','127.0.0.1','内网IP','Chrome 12','Windows 10','1','密码输入错误5次，帐户锁定10分钟','2024-04-26 19:21:31'),(183,'admin','127.0.0.1','内网IP','Chrome 12','Windows 10','1','密码输入错误5次，帐户锁定10分钟','2024-04-26 19:21:33'),(184,'admin','127.0.0.1','内网IP','Chrome 12','Windows 10','1','密码输入错误5次，帐户锁定10分钟','2024-04-26 19:21:34'),(185,'admin','127.0.0.1','内网IP','Chrome 12','Windows 10','1','密码输入错误5次，帐户锁定10分钟','2024-04-26 19:21:34'),(186,'admin','127.0.0.1','内网IP','Chrome 12','Windows 10','1','密码输入错误5次，帐户锁定10分钟','2024-04-26 19:21:35'),(187,'admin','127.0.0.1','内网IP','Chrome 12','Windows 10','1','密码输入错误5次，帐户锁定10分钟','2024-04-26 19:21:35'),(188,'admin','127.0.0.1','内网IP','Chrome 12','Windows 10','1','密码输入错误5次，帐户锁定10分钟','2024-04-26 19:21:38'),(189,'admin','127.0.0.1','内网IP','Chrome 12','Windows 10','1','密码输入错误5次，帐户锁定10分钟','2024-04-26 19:21:40'),(190,'admin','127.0.0.1','内网IP','Chrome 12','Windows 10','1','密码输入错误5次，帐户锁定10分钟','2024-04-26 19:21:40'),(191,'admin','127.0.0.1','内网IP','Chrome 12','Windows 10','1','密码输入错误5次，帐户锁定10分钟','2024-04-26 19:21:40'),(192,'ry','127.0.0.1','内网IP','Chrome 12','Windows 10','0','登录成功','2024-04-26 19:21:46'),(193,'ry','127.0.0.1','内网IP','Chrome 12','Windows 10','0','退出成功','2024-04-26 19:22:01'),(194,'admin','127.0.0.1','内网IP','Chrome 12','Windows 10','0','登录成功','2024-04-26 19:22:05'),(195,'admin','127.0.0.1','内网IP','Chrome 12','Windows 10','0','登录成功','2024-04-27 10:11:13'),(196,'admin','127.0.0.1','内网IP','Chrome 12','Windows 10','0','登录成功','2024-04-28 11:53:12'),(197,'admin','127.0.0.1','内网IP','Chrome 12','Windows 10','0','登录成功','2024-04-28 13:59:31'),(198,'admin','127.0.0.1','内网IP','Chrome 12','Windows 10','0','退出成功','2024-04-28 14:00:00'),(199,'xiaozhi','127.0.0.1','内网IP','Chrome 12','Windows 10','0','登录成功','2024-04-28 14:00:06'),(200,'xiaozhi','127.0.0.1','内网IP','Chrome 12','Windows 10','0','退出成功','2024-04-28 14:00:22'),(201,'admin','127.0.0.1','内网IP','Chrome 12','Windows 10','0','登录成功','2024-04-28 14:00:27'),(202,'admin','127.0.0.1','内网IP','Chrome 12','Windows 10','0','登录成功','2024-04-28 14:31:39'),(203,'admin','127.0.0.1','内网IP','Chrome 12','Windows 10','0','退出成功','2024-04-28 14:31:44'),(204,'admin','127.0.0.1','内网IP','Chrome 12','Windows 10','0','登录成功','2024-04-28 14:31:45'),(205,'admin','127.0.0.1','内网IP','Chrome 12','Windows 10','0','退出成功','2024-04-28 14:31:59'),(206,'admin','127.0.0.1','内网IP','Chrome 12','Windows 10','0','登录成功','2024-04-28 14:32:00'),(207,'admin','127.0.0.1','内网IP','Chrome 12','Windows 10','0','登录成功','2024-04-28 14:32:16'),(208,'admin','127.0.0.1','内网IP','Chrome 12','Windows 10','0','退出成功','2024-04-28 14:32:25'),(209,'xiaozhi','127.0.0.1','内网IP','Chrome 12','Windows 10','0','登录成功','2024-04-28 14:32:52'),(210,'xiaozhi','127.0.0.1','内网IP','Chrome 12','Windows 10','0','登录成功','2024-04-28 14:34:46'),(211,'xiaozhi','127.0.0.1','内网IP','Chrome 12','Windows 10','0','登录成功','2024-04-28 14:35:07'),(212,'xiaozhi','127.0.0.1','内网IP','Chrome 12','Windows 10','0','退出成功','2024-04-28 14:35:13'),(213,'admin','127.0.0.1','内网IP','Chrome 12','Windows 10','0','登录成功','2024-04-28 14:35:17'),(214,'admin','127.0.0.1','内网IP','Chrome 12','Windows 10','0','退出成功','2024-04-28 14:46:41'),(215,'xiaozhi','127.0.0.1','内网IP','Chrome 12','Windows 10','0','登录成功','2024-04-28 14:46:48'),(216,'xiaozhi','127.0.0.1','内网IP','Chrome 12','Windows 10','0','退出成功','2024-04-28 15:00:44'),(217,'xiaozhi','127.0.0.1','内网IP','Chrome 12','Windows 10','0','登录成功','2024-04-28 15:41:53'),(218,'xiaozhi','127.0.0.1','内网IP','Chrome 12','Windows 10','0','登录成功','2024-04-28 16:44:53'),(219,'xiaozhi','127.0.0.1','内网IP','Chrome 12','Windows 10','0','退出成功','2024-04-28 16:46:11'),(220,'xiaozhi','127.0.0.1','内网IP','Chrome 12','Windows 10','0','登录成功','2024-04-28 16:46:12'),(221,'xiaozhi','127.0.0.1','内网IP','Chrome 12','Windows 10','0','退出成功','2024-04-28 16:46:16'),(222,'admin','127.0.0.1','内网IP','Chrome 12','Windows 10','0','登录成功','2024-04-28 16:46:21'),(223,'admin','127.0.0.1','内网IP','Chrome 12','Windows 10','0','退出成功','2024-04-28 17:00:21'),(224,'admin','127.0.0.1','内网IP','Chrome 12','Windows 10','0','登录成功','2024-04-28 17:08:07'),(225,'admin','127.0.0.1','内网IP','Chrome 12','Windows 10','0','退出成功','2024-04-28 17:08:31'),(226,'admin','127.0.0.1','内网IP','Chrome 12','Windows 10','0','登录成功','2024-04-28 17:09:10'),(227,'admin','127.0.0.1','内网IP','Chrome 12','Windows 10','0','退出成功','2024-04-28 17:11:53'),(228,'admin','127.0.0.1','内网IP','Chrome 12','Windows 10','0','登录成功','2024-04-28 17:12:02'),(229,'admin','127.0.0.1','内网IP','Chrome 12','Windows 10','0','退出成功','2024-04-28 17:12:22'),(230,'admin','127.0.0.1','内网IP','Chrome 12','Windows 10','0','登录成功','2024-04-28 17:13:10'),(231,'admin','127.0.0.1','内网IP','Chrome 12','Windows 10','0','退出成功','2024-04-28 17:21:18'),(232,'admin','127.0.0.1','内网IP','Chrome 12','Windows 10','0','登录成功','2024-04-28 17:36:51'),(233,'admin','127.0.0.1','内网IP','Chrome 12','Windows 10','0','退出成功','2024-04-28 17:37:12'),(234,'admin','127.0.0.1','内网IP','Chrome 12','Windows 10','0','登录成功','2024-04-28 17:39:03'),(235,'admin','127.0.0.1','内网IP','Chrome 12','Windows 10','0','退出成功','2024-04-28 18:01:40'),(236,'admin','127.0.0.1','内网IP','Chrome 12','Windows 10','0','登录成功','2024-04-28 18:04:43'),(237,'admin','127.0.0.1','内网IP','Chrome 12','Windows 10','0','退出成功','2024-04-28 18:04:52'),(238,'admin','127.0.0.1','内网IP','Chrome 12','Windows 10','0','登录成功','2024-04-28 18:06:01'),(239,'admin','127.0.0.1','内网IP','Chrome 12','Windows 10','0','退出成功','2024-04-28 18:06:09'),(240,'admin','127.0.0.1','内网IP','Chrome 12','Windows 10','0','登录成功','2024-04-28 18:07:25'),(241,'admin','127.0.0.1','内网IP','Chrome 12','Windows 10','0','登录成功','2024-04-28 20:04:29'),(242,'admin','127.0.0.1','内网IP','Chrome 12','Windows 10','0','登录成功','2024-04-28 21:56:21'),(243,'admin','127.0.0.1','内网IP','Chrome 12','Windows 10','0','退出成功','2024-04-28 22:05:12'),(244,'admin','127.0.0.1','内网IP','Chrome 12','Windows 10','0','登录成功','2024-04-28 22:05:14'),(245,'admin','127.0.0.1','内网IP','Chrome 12','Windows 10','0','登录成功','2024-04-28 22:08:24'),(246,'admin','127.0.0.1','内网IP','Chrome 12','Windows 10','0','退出成功','2024-04-28 22:26:50'),(247,'xiaozhi','127.0.0.1','内网IP','Chrome 12','Windows 10','0','登录成功','2024-04-28 22:26:57'),(248,'xiaozhi','127.0.0.1','内网IP','Chrome 12','Windows 10','0','退出成功','2024-04-28 22:27:07'),(249,'admin','127.0.0.1','内网IP','Chrome 12','Windows 10','0','登录成功','2024-04-28 22:27:13'),(250,'admin','127.0.0.1','内网IP','Chrome 12','Windows 10','0','退出成功','2024-04-28 22:50:07'),(251,'admin','127.0.0.1','内网IP','Chrome 12','Windows 10','0','登录成功','2024-04-28 22:50:13'),(252,'admin','127.0.0.1','内网IP','Chrome 12','Windows 10','0','退出成功','2024-04-28 22:51:09'),(253,'admin','127.0.0.1','内网IP','Chrome 12','Windows 10','0','登录成功','2024-04-28 22:51:25'),(254,'admin','127.0.0.1','内网IP','Chrome 12','Windows 10','0','退出成功','2024-04-28 22:51:42'),(255,'xiaozhi','127.0.0.1','内网IP','Chrome 12','Windows 10','0','登录成功','2024-04-28 22:51:52'),(256,'xiaozhi','127.0.0.1','内网IP','Chrome 12','Windows 10','0','退出成功','2024-04-28 22:53:21'),(257,'admin','127.0.0.1','内网IP','Chrome 12','Windows 10','0','登录成功','2024-04-28 22:53:29'),(258,'admin','127.0.0.1','内网IP','Chrome 12','Windows 10','0','退出成功','2024-04-28 22:53:45'),(259,'xiaozhi','127.0.0.1','内网IP','Chrome 12','Windows 10','0','登录成功','2024-04-28 22:53:54'),(260,'xiaozhi','127.0.0.1','内网IP','Chrome 12','Windows 10','1','验证码错误','2024-04-29 15:19:18'),(261,'xiaozhi','127.0.0.1','内网IP','Chrome 12','Windows 10','0','登录成功','2024-04-29 15:19:22'),(262,'xiaozhi','127.0.0.1','内网IP','Chrome 12','Windows 10','0','退出成功','2024-04-29 15:19:26'),(263,'admin','127.0.0.1','内网IP','Chrome 12','Windows 10','0','登录成功','2024-04-29 15:19:32'),(264,'admin','127.0.0.1','内网IP','Chrome 12','Windows 10','0','退出成功','2024-04-29 15:53:40'),(265,'admin','127.0.0.1','内网IP','Chrome 12','Windows 10','0','登录成功','2024-04-29 15:53:44'),(266,'admin','127.0.0.1','内网IP','Chrome 12','Windows 10','0','退出成功','2024-04-29 18:23:12'),(267,'admin','127.0.0.1','内网IP','Chrome 12','Windows 10','0','登录成功','2024-04-29 18:23:19'),(268,'admin','127.0.0.1','内网IP','Chrome 12','Windows 10','0','退出成功','2024-04-29 18:26:20'),(269,'admin','127.0.0.1','内网IP','Chrome 12','Windows 10','0','登录成功','2024-04-29 18:39:07'),(270,'admin','127.0.0.1','内网IP','Chrome 12','Windows 10','0','退出成功','2024-04-29 18:47:56'),(271,'admin','127.0.0.1','内网IP','Chrome 12','Windows 10','1','验证码已失效','2024-04-29 19:06:49'),(272,'admin','127.0.0.1','内网IP','Chrome 12','Windows 10','0','登录成功','2024-04-29 19:06:52'),(273,'admin','127.0.0.1','内网IP','Chrome 12','Windows 10','0','登录成功','2024-04-29 19:46:58'),(274,'admin','127.0.0.1','内网IP','Chrome 12','Windows 10','0','登录成功','2024-04-30 09:21:41'),(275,'admin','127.0.0.1','内网IP','Chrome 12','Windows 10','0','登录成功','2024-04-30 11:12:25'),(276,'admin','127.0.0.1','内网IP','Chrome 12','Windows 10','0','退出成功','2024-04-30 11:37:04'),(277,'xiaozhi','127.0.0.1','内网IP','Chrome 12','Windows 10','0','登录成功','2024-04-30 11:37:12'),(278,'xiaozhi','127.0.0.1','内网IP','Chrome 12','Windows 10','0','退出成功','2024-04-30 12:00:33'),(279,'xiaozhi','127.0.0.1','内网IP','Chrome 12','Windows 10','0','登录成功','2024-04-30 12:00:37'),(280,'xiaozhi','127.0.0.1','内网IP','Chrome 12','Windows 10','0','退出成功','2024-04-30 12:00:42'),(281,'admin','127.0.0.1','内网IP','Chrome 12','Windows 10','0','登录成功','2024-04-30 12:00:48'),(282,'admin','127.0.0.1','内网IP','Chrome 12','Windows 10','0','退出成功','2024-04-30 12:08:36'),(283,'xiaozhi','127.0.0.1','内网IP','Chrome 12','Windows 10','1','验证码错误','2024-04-30 12:08:43'),(284,'xiaozhi','127.0.0.1','内网IP','Chrome 12','Windows 10','0','登录成功','2024-04-30 12:08:47'),(285,'xiaozhi','127.0.0.1','内网IP','Chrome 12','Windows 10','0','登录成功','2024-04-30 12:50:08'),(286,'xiaozhi','127.0.0.1','内网IP','Chrome 12','Windows 10','0','退出成功','2024-04-30 12:57:51'),(287,'admin','127.0.0.1','内网IP','Chrome 12','Windows 10','0','登录成功','2024-04-30 12:58:24'),(288,'admin','127.0.0.1','内网IP','Chrome 12','Windows 10','0','退出成功','2024-04-30 13:21:44'),(289,'admin','127.0.0.1','内网IP','Chrome 12','Windows 10','0','登录成功','2024-04-30 13:21:50'),(290,'admin','127.0.0.1','内网IP','Chrome 12','Windows 10','0','退出成功','2024-04-30 13:22:13'),(291,'xiaozhi','127.0.0.1','内网IP','Chrome 12','Windows 10','0','登录成功','2024-04-30 13:22:23'),(292,'xiaozhi','127.0.0.1','内网IP','Chrome 12','Windows 10','0','退出成功','2024-04-30 13:22:28'),(293,'admin','127.0.0.1','内网IP','Chrome 12','Windows 10','1','验证码错误','2024-04-30 13:22:34'),(294,'admin','127.0.0.1','内网IP','Chrome 12','Windows 10','0','登录成功','2024-04-30 13:22:37'),(295,'admin','127.0.0.1','内网IP','Chrome 12','Windows 10','0','退出成功','2024-04-30 13:23:27'),(296,'xiaozhi','127.0.0.1','内网IP','Chrome 12','Windows 10','0','登录成功','2024-04-30 13:23:33'),(297,'xiaozhi','127.0.0.1','内网IP','Chrome 12','Windows 10','0','退出成功','2024-04-30 13:36:22'),(298,'xiaozhi','127.0.0.1','内网IP','Chrome 12','Windows 10','0','登录成功','2024-04-30 14:13:20'),(299,'xiaozhi','127.0.0.1','内网IP','Chrome 12','Windows 10','0','退出成功','2024-04-30 14:13:39'),(300,'xiaozhi','127.0.0.1','内网IP','Chrome 12','Windows 10','0','登录成功','2024-04-30 14:39:57'),(301,'admin','127.0.0.1','内网IP','Chrome 12','Windows 10','0','登录成功','2024-04-30 15:42:17'),(302,'admin','127.0.0.1','内网IP','Chrome 12','Windows 10','0','退出成功','2024-04-30 16:12:22'),(303,'admin','127.0.0.1','内网IP','Chrome 12','Windows 10','0','登录成功','2024-04-30 16:12:27'),(304,'admin','127.0.0.1','内网IP','Chrome 12','Windows 10','0','退出成功','2024-04-30 16:16:31'),(305,'admin','127.0.0.1','内网IP','Chrome 12','Windows 10','0','登录成功','2024-04-30 16:16:35'),(306,'admin','127.0.0.1','内网IP','Chrome 12','Windows 10','1','验证码错误','2024-05-04 09:57:11'),(307,'admin','127.0.0.1','内网IP','Chrome 12','Windows 10','1','验证码错误','2024-05-04 09:57:15'),(308,'admin','127.0.0.1','内网IP','Chrome 12','Windows 10','0','登录成功','2024-05-04 09:57:19'),(309,'admin','127.0.0.1','内网IP','Chrome 12','Windows 10','0','登录成功','2024-05-04 11:09:28'),(310,'admin','127.0.0.1','内网IP','Chrome 12','Windows 10','0','登录成功','2024-05-04 11:46:01'),(311,'admin','127.0.0.1','内网IP','Chrome 12','Windows 10','1','验证码错误','2024-05-04 14:06:19'),(312,'admin','127.0.0.1','内网IP','Chrome 12','Windows 10','0','登录成功','2024-05-04 14:06:22'),(313,'admin','127.0.0.1','内网IP','Chrome 12','Windows 10','1','验证码错误','2024-05-04 15:37:16'),(314,'admin','127.0.0.1','内网IP','Chrome 12','Windows 10','0','登录成功','2024-05-04 15:37:20'),(315,'admin','127.0.0.1','内网IP','Chrome 12','Windows 10','0','登录成功','2024-05-04 16:45:55'),(316,'admin','127.0.0.1','内网IP','Chrome 12','Windows 10','1','验证码错误','2024-05-04 19:45:07'),(317,'admin','127.0.0.1','内网IP','Chrome 12','Windows 10','0','登录成功','2024-05-04 19:45:11'),(318,'admin','127.0.0.1','内网IP','Chrome 12','Windows 10','0','登录成功','2024-05-04 21:21:39'),(319,'admin','127.0.0.1','内网IP','Chrome 12','Windows 10','0','登录成功','2024-05-04 23:02:17'),(320,'admin','127.0.0.1','内网IP','Chrome 12','Windows 10','0','登录成功','2024-05-05 17:25:33'),(321,'admin','127.0.0.1','内网IP','Chrome 12','Windows 10','0','退出成功','2024-05-05 17:36:54'),(322,'xiaozhi','127.0.0.1','内网IP','Chrome 12','Windows 10','0','登录成功','2024-05-05 17:37:00'),(323,'xiaozhi','127.0.0.1','内网IP','Chrome 12','Windows 10','0','退出成功','2024-05-05 17:37:08'),(324,'admin','127.0.0.1','内网IP','Chrome 12','Windows 10','0','登录成功','2024-05-05 17:37:15'),(325,'admin','127.0.0.1','内网IP','Chrome 12','Windows 10','0','退出成功','2024-05-05 17:37:43'),(326,'xiaozhi','127.0.0.1','内网IP','Chrome 12','Windows 10','0','登录成功','2024-05-05 17:37:49'),(327,'xiaozhi','127.0.0.1','内网IP','Chrome 12','Windows 10','0','退出成功','2024-05-05 17:39:52'),(328,'admin','127.0.0.1','内网IP','Chrome 12','Windows 10','0','登录成功','2024-05-05 17:39:58'),(329,'admin','127.0.0.1','内网IP','Chrome 12','Windows 10','0','退出成功','2024-05-05 17:56:30'),(330,'xiaozhi','127.0.0.1','内网IP','Chrome 12','Windows 10','0','登录成功','2024-05-05 17:56:37'),(331,'xiaozhi','127.0.0.1','内网IP','Chrome 12','Windows 10','0','退出成功','2024-05-05 17:59:17'),(332,'admin','127.0.0.1','内网IP','Chrome 12','Windows 10','0','登录成功','2024-05-05 17:59:24'),(333,'xiaozhi','127.0.0.1','内网IP','Firefox 12','Windows 10','0','登录成功','2024-05-05 18:30:14'),(334,'admin','127.0.0.1','内网IP','Chrome 12','Windows 10','0','退出成功','2024-05-05 18:59:08'),(335,'xiaozhi','127.0.0.1','内网IP','Chrome 12','Windows 10','0','登录成功','2024-05-05 19:00:11'),(336,'xiaozhi','127.0.0.1','内网IP','Chrome 12','Windows 10','0','退出成功','2024-05-05 19:00:19'),(337,'xiaozhi','127.0.0.1','内网IP','Chrome 12','Windows 10','0','登录成功','2024-05-05 19:00:39'),(338,'xiaozhi','127.0.0.1','内网IP','Chrome 12','Windows 10','0','退出成功','2024-05-05 19:00:46'),(339,'admin','127.0.0.1','内网IP','Chrome 12','Windows 10','0','登录成功','2024-05-05 19:00:51'),(340,'admin','127.0.0.1','内网IP','Chrome 12','Windows 10','0','退出成功','2024-05-05 19:01:42'),(341,'xiaozhi','127.0.0.1','内网IP','Chrome 12','Windows 10','1','验证码已失效','2024-05-05 19:08:16'),(342,'xiaozhi','127.0.0.1','内网IP','Chrome 12','Windows 10','1','验证码错误','2024-05-05 19:08:20'),(343,'xiaozhi','127.0.0.1','内网IP','Chrome 12','Windows 10','0','登录成功','2024-05-05 19:08:48'),(344,'xiaozhi','127.0.0.1','内网IP','Chrome 12','Windows 10','0','退出成功','2024-05-05 19:08:55'),(345,'admin','127.0.0.1','内网IP','Chrome 12','Windows 10','0','登录成功','2024-05-05 19:09:00'),(346,'admin','127.0.0.1','内网IP','Chrome 12','Windows 10','0','退出成功','2024-05-05 19:09:19'),(347,'xiaozhi','127.0.0.1','内网IP','Chrome 12','Windows 10','0','登录成功','2024-05-05 19:09:26'),(348,'xiaozhi','127.0.0.1','内网IP','Chrome 12','Windows 10','0','退出成功','2024-05-05 19:23:57'),(349,'xiaozhi','127.0.0.1','内网IP','Chrome 12','Windows 10','0','登录成功','2024-05-05 19:24:04'),(350,'xiaozhi','127.0.0.1','内网IP','Chrome 12','Windows 10','0','退出成功','2024-05-05 19:51:04'),(351,'admin','127.0.0.1','内网IP','Chrome 12','Windows 10','0','登录成功','2024-05-05 19:51:09'),(352,'admin','127.0.0.1','内网IP','Chrome 12','Windows 10','0','登录成功','2024-05-05 21:41:52'),(353,'admin','127.0.0.1','内网IP','Chrome 12','Windows 10','0','登录成功','2024-05-06 11:08:42'),(354,'admin','127.0.0.1','内网IP','Chrome 12','Windows 10','0','登录成功','2024-05-06 12:14:10'),(355,'admin','127.0.0.1','内网IP','Chrome 12','Windows 10','0','登录成功','2024-05-06 13:46:55'),(356,'admin','127.0.0.1','内网IP','Chrome 12','Windows 10','0','登录成功','2024-05-06 14:30:10'),(357,'admin','127.0.0.1','内网IP','Chrome 12','Windows 10','0','登录成功','2024-05-06 15:04:22'),(358,'admin','127.0.0.1','内网IP','Chrome 12','Windows 10','0','登录成功','2024-05-06 17:33:56'),(359,'admin','127.0.0.1','内网IP','Chrome 12','Windows 10','0','登录成功','2024-05-06 21:19:39'),(360,'admin','127.0.0.1','内网IP','Chrome 12','Windows 10','1','验证码已失效','2024-05-07 10:42:41'),(361,'admin','127.0.0.1','内网IP','Chrome 12','Windows 10','0','登录成功','2024-05-07 10:42:45'),(362,'admin','127.0.0.1','内网IP','Chrome 12','Windows 10','0','登录成功','2024-05-07 11:22:21'),(363,'admin','127.0.0.1','内网IP','Chrome 12','Windows 10','0','登录成功','2024-05-07 12:44:17'),(364,'admin','127.0.0.1','内网IP','Chrome 12','Windows 10','0','登录成功','2024-05-07 13:38:34'),(365,'admin','127.0.0.1','内网IP','Chrome 12','Windows 10','1','验证码错误','2024-05-07 17:13:00'),(366,'admin','127.0.0.1','内网IP','Chrome 12','Windows 10','0','登录成功','2024-05-07 17:13:02'),(367,'admin','127.0.0.1','内网IP','Chrome 12','Windows 10','0','登录成功','2024-05-07 18:58:37'),(368,'admin','127.0.0.1','内网IP','Chrome 12','Windows 10','0','登录成功','2024-05-07 21:32:52'),(369,'admin','127.0.0.1','内网IP','Chrome 12','Windows 10','0','登录成功','2024-05-07 22:11:23'),(370,'admin','127.0.0.1','内网IP','Chrome 12','Windows 10','0','登录成功','2024-05-07 22:47:11'),(371,'admin','127.0.0.1','内网IP','Chrome 12','Windows 10','0','登录成功','2024-05-08 08:59:34'),(372,'admin','127.0.0.1','内网IP','Chrome 12','Windows 10','0','登录成功','2024-05-08 10:01:00'),(373,'admin','127.0.0.1','内网IP','Chrome 12','Windows 10','1','验证码已失效','2024-05-08 10:56:01'),(374,'admin','127.0.0.1','内网IP','Chrome 12','Windows 10','0','登录成功','2024-05-08 10:56:04'),(375,'admin','127.0.0.1','内网IP','Chrome 12','Windows 10','0','登录成功','2024-05-08 12:28:19'),(376,'admin','127.0.0.1','内网IP','Chrome 12','Windows 10','0','登录成功','2024-05-08 14:59:31'),(377,'admin','127.0.0.1','内网IP','Chrome 12','Windows 10','0','登录成功','2024-05-08 16:45:11'),(378,'admin','127.0.0.1','内网IP','Chrome 12','Windows 10','0','登录成功','2024-05-08 20:25:03'),(379,'admin','127.0.0.1','内网IP','Chrome 12','Windows 10','0','登录成功','2024-05-09 08:45:47'),(380,'admin','127.0.0.1','内网IP','Chrome 12','Windows 10','0','登录成功','2024-05-09 12:51:15'),(381,'admin','127.0.0.1','内网IP','Chrome 12','Windows 10','0','登录成功','2024-05-09 13:48:45'),(382,'admin','127.0.0.1','内网IP','Chrome 12','Windows 10','0','登录成功','2024-05-09 14:53:57'),(383,'admin','127.0.0.1','内网IP','Chrome 12','Windows 10','0','登录成功','2024-05-09 16:34:34'),(384,'admin','127.0.0.1','内网IP','Chrome 12','Windows 10','0','登录成功','2024-05-09 18:51:56'),(385,'admin','127.0.0.1','内网IP','Chrome 12','Windows 10','0','登录成功','2024-05-09 19:32:51'),(386,'admin','127.0.0.1','内网IP','Chrome 12','Windows 10','0','登录成功','2024-05-10 09:10:07'),(387,'admin','127.0.0.1','内网IP','Chrome 12','Windows 10','1','验证码已失效','2024-05-10 10:18:31'),(388,'admin','127.0.0.1','内网IP','Chrome 12','Windows 10','0','登录成功','2024-05-10 10:18:36'),(389,'admin','127.0.0.1','内网IP','Chrome 12','Windows 10','0','退出成功','2024-05-10 11:03:33'),(390,'admin','127.0.0.1','内网IP','Chrome 12','Windows 10','1','验证码已失效','2024-05-10 11:06:33'),(391,'admin','127.0.0.1','内网IP','Chrome 12','Windows 10','0','登录成功','2024-05-10 11:06:36'),(392,'admin','127.0.0.1','内网IP','Chrome 12','Windows 10','0','退出成功','2024-05-10 15:12:38'),(393,'admin','127.0.0.1','内网IP','Chrome 12','Windows 10','0','登录成功','2024-05-10 15:13:29'),(394,'admin','127.0.0.1','内网IP','Chrome 12','Windows 10','0','退出成功','2024-05-10 15:14:03'),(395,'admin','127.0.0.1','内网IP','Chrome 12','Windows 10','0','登录成功','2024-05-10 15:15:05'),(396,'admin','127.0.0.1','内网IP','Chrome 12','Windows 10','0','退出成功','2024-05-10 15:15:37'),(397,'admin','127.0.0.1','内网IP','Chrome 12','Windows 10','0','登录成功','2024-05-10 15:24:46'),(398,'admin','127.0.0.1','内网IP','Chrome 12','Windows 10','0','退出成功','2024-05-10 15:44:13'),(399,'boniu','127.0.0.1','内网IP','Chrome 12','Windows 10','0','登录成功','2024-05-10 15:44:26');
/*!40000 ALTER TABLE `sys_logininfor` ENABLE KEYS */;
UNLOCK TABLES;

--
-- Table structure for table `sys_menu`
--

DROP TABLE IF EXISTS `sys_menu`;
/*!40101 SET @saved_cs_client     = @@character_set_client */;
/*!50503 SET character_set_client = utf8mb4 */;
CREATE TABLE `sys_menu` (
  `menu_id` bigint NOT NULL AUTO_INCREMENT COMMENT '菜单ID',
  `menu_name` varchar(50) NOT NULL COMMENT '菜单名称',
  `parent_id` bigint DEFAULT '0' COMMENT '父菜单ID',
  `order_num` int DEFAULT '0' COMMENT '显示顺序',
  `path` varchar(200) DEFAULT '' COMMENT '路由地址',
  `component` varchar(255) DEFAULT NULL COMMENT '组件路径',
  `query` varchar(255) DEFAULT NULL COMMENT '路由参数',
  `is_frame` int DEFAULT '1' COMMENT '是否为外链（0是 1否）',
  `is_cache` int DEFAULT '0' COMMENT '是否缓存（0缓存 1不缓存）',
  `menu_type` char(1) DEFAULT '' COMMENT '菜单类型（M目录 C菜单 F按钮）',
  `visible` char(1) DEFAULT '0' COMMENT '菜单状态（0显示 1隐藏）',
  `status` char(1) DEFAULT '0' COMMENT '菜单状态（0正常 1停用）',
  `perms` varchar(100) DEFAULT NULL COMMENT '权限标识',
  `icon` varchar(100) DEFAULT '#' COMMENT '菜单图标',
  `create_by` varchar(64) DEFAULT '' COMMENT '创建者',
  `create_time` datetime DEFAULT NULL COMMENT '创建时间',
  `update_by` varchar(64) DEFAULT '' COMMENT '更新者',
  `update_time` datetime DEFAULT NULL COMMENT '更新时间',
  `remark` varchar(500) DEFAULT '' COMMENT '备注',
  PRIMARY KEY (`menu_id`)
) ENGINE=InnoDB AUTO_INCREMENT=2050 DEFAULT CHARSET=utf8mb4 COLLATE=utf8mb4_0900_ai_ci COMMENT='菜单权限表';
/*!40101 SET character_set_client = @saved_cs_client */;

--
-- Dumping data for table `sys_menu`
--

LOCK TABLES `sys_menu` WRITE;
/*!40000 ALTER TABLE `sys_menu` DISABLE KEYS */;
INSERT INTO `sys_menu` VALUES (1,'系统管理',0,1,'system',NULL,'',1,0,'M','0','0','','system','admin','2024-04-22 22:59:48','',NULL,'系统管理目录'),(2,'系统监控',0,2,'monitor',NULL,'',1,0,'M','0','0','','monitor','admin','2024-04-22 22:59:48','',NULL,'系统监控目录'),(3,'系统工具',0,3,'tool',NULL,'',1,0,'M','0','0','','tool','admin','2024-04-22 22:59:48','',NULL,'系统工具目录'),(4,'若依官网',0,4,'http://ruoyi.vip',NULL,'',0,0,'M','1','1','','guide','admin','2024-04-22 22:59:48','admin','2024-04-29 19:07:11','若依官网地址'),(100,'用户管理',1,1,'user','system/user/index','',1,0,'C','0','0','system:user:list','user','admin','2024-04-22 22:59:48','',NULL,'用户管理菜单'),(101,'角色管理',1,2,'role','system/role/index','',1,0,'C','0','0','system:role:list','peoples','admin','2024-04-22 22:59:48','',NULL,'角色管理菜单'),(102,'菜单管理',1,3,'menu','system/menu/index','',1,0,'C','0','0','system:menu:list','tree-table','admin','2024-04-22 22:59:48','',NULL,'菜单管理菜单'),(103,'部门管理',1,4,'dept','system/dept/index','',1,0,'C','0','0','system:dept:list','tree','admin','2024-04-22 22:59:48','',NULL,'部门管理菜单'),(104,'岗位管理',1,5,'post','system/post/index','',1,0,'C','0','0','system:post:list','post','admin','2024-04-22 22:59:48','',NULL,'岗位管理菜单'),(105,'字典管理',1,6,'dict','system/dict/index','',1,0,'C','0','0','system:dict:list','dict','admin','2024-04-22 22:59:48','',NULL,'字典管理菜单'),(106,'参数设置',1,7,'config','system/config/index','',1,0,'C','0','0','system:config:list','edit','admin','2024-04-22 22:59:48','',NULL,'参数设置菜单'),(107,'通知公告',1,8,'notice','system/notice/index','',1,0,'C','0','0','system:notice:list','message','admin','2024-04-22 22:59:48','',NULL,'通知公告菜单'),(108,'日志管理',1,9,'log','','',1,0,'M','0','0','','log','admin','2024-04-22 22:59:48','',NULL,'日志管理菜单'),(109,'在线用户',2,1,'online','monitor/online/index','',1,0,'C','0','0','monitor:online:list','online','admin','2024-04-22 22:59:48','',NULL,'在线用户菜单'),(110,'定时任务',2,2,'job','monitor/job/index','',1,0,'C','0','0','monitor:job:list','job','admin','2024-04-22 22:59:48','',NULL,'定时任务菜单'),(111,'数据监控',2,3,'druid','monitor/druid/index','',1,0,'C','0','0','monitor:druid:list','druid','admin','2024-04-22 22:59:48','',NULL,'数据监控菜单'),(112,'服务监控',2,4,'server','monitor/server/index','',1,0,'C','0','0','monitor:server:list','server','admin','2024-04-22 22:59:48','',NULL,'服务监控菜单'),(113,'缓存监控',2,5,'cache','monitor/cache/index','',1,0,'C','0','0','monitor:cache:list','redis','admin','2024-04-22 22:59:48','',NULL,'缓存监控菜单'),(114,'缓存列表',2,6,'cacheList','monitor/cache/list','',1,0,'C','0','0','monitor:cache:list','redis-list','admin','2024-04-22 22:59:48','',NULL,'缓存列表菜单'),(115,'表单构建',3,1,'build','tool/build/index','',1,0,'C','0','0','tool:build:list','build','admin','2024-04-22 22:59:48','',NULL,'表单构建菜单'),(116,'代码生成',3,2,'gen','tool/gen/index','',1,0,'C','0','0','tool:gen:list','code','admin','2024-04-22 22:59:48','',NULL,'代码生成菜单'),(117,'系统接口',3,3,'swagger','tool/swagger/index','',1,0,'C','0','0','tool:swagger:list','swagger','admin','2024-04-22 22:59:48','',NULL,'系统接口菜单'),(500,'操作日志',108,1,'operlog','monitor/operlog/index','',1,0,'C','0','0','monitor:operlog:list','form','admin','2024-04-22 22:59:48','',NULL,'操作日志菜单'),(501,'登录日志',108,2,'logininfor','monitor/logininfor/index','',1,0,'C','0','0','monitor:logininfor:list','logininfor','admin','2024-04-22 22:59:48','',NULL,'登录日志菜单'),(1000,'用户查询',100,1,'','','',1,0,'F','0','0','system:user:query','#','admin','2024-04-22 22:59:48','',NULL,''),(1001,'用户新增',100,2,'','','',1,0,'F','0','0','system:user:add','#','admin','2024-04-22 22:59:48','',NULL,''),(1002,'用户修改',100,3,'','','',1,0,'F','0','0','system:user:edit','#','admin','2024-04-22 22:59:48','',NULL,''),(1003,'用户删除',100,4,'','','',1,0,'F','0','0','system:user:remove','#','admin','2024-04-22 22:59:48','',NULL,''),(1004,'用户导出',100,5,'','','',1,0,'F','0','0','system:user:export','#','admin','2024-04-22 22:59:48','',NULL,''),(1005,'用户导入',100,6,'','','',1,0,'F','0','0','system:user:import','#','admin','2024-04-22 22:59:48','',NULL,''),(1006,'重置密码',100,7,'','','',1,0,'F','0','0','system:user:resetPwd','#','admin','2024-04-22 22:59:48','',NULL,''),(1007,'角色查询',101,1,'','','',1,0,'F','0','0','system:role:query','#','admin','2024-04-22 22:59:48','',NULL,''),(1008,'角色新增',101,2,'','','',1,0,'F','0','0','system:role:add','#','admin','2024-04-22 22:59:48','',NULL,''),(1009,'角色修改',101,3,'','','',1,0,'F','0','0','system:role:edit','#','admin','2024-04-22 22:59:48','',NULL,''),(1010,'角色删除',101,4,'','','',1,0,'F','0','0','system:role:remove','#','admin','2024-04-22 22:59:48','',NULL,''),(1011,'角色导出',101,5,'','','',1,0,'F','0','0','system:role:export','#','admin','2024-04-22 22:59:48','',NULL,''),(1012,'菜单查询',102,1,'','','',1,0,'F','0','0','system:menu:query','#','admin','2024-04-22 22:59:48','',NULL,''),(1013,'菜单新增',102,2,'','','',1,0,'F','0','0','system:menu:add','#','admin','2024-04-22 22:59:48','',NULL,''),(1014,'菜单修改',102,3,'','','',1,0,'F','0','0','system:menu:edit','#','admin','2024-04-22 22:59:48','',NULL,''),(1015,'菜单删除',102,4,'','','',1,0,'F','0','0','system:menu:remove','#','admin','2024-04-22 22:59:48','',NULL,''),(1016,'部门查询',103,1,'','','',1,0,'F','0','0','system:dept:query','#','admin','2024-04-22 22:59:48','',NULL,''),(1017,'部门新增',103,2,'','','',1,0,'F','0','0','system:dept:add','#','admin','2024-04-22 22:59:48','',NULL,''),(1018,'部门修改',103,3,'','','',1,0,'F','0','0','system:dept:edit','#','admin','2024-04-22 22:59:48','',NULL,''),(1019,'部门删除',103,4,'','','',1,0,'F','0','0','system:dept:remove','#','admin','2024-04-22 22:59:48','',NULL,''),(1020,'岗位查询',104,1,'','','',1,0,'F','0','0','system:post:query','#','admin','2024-04-22 22:59:48','',NULL,''),(1021,'岗位新增',104,2,'','','',1,0,'F','0','0','system:post:add','#','admin','2024-04-22 22:59:48','',NULL,''),(1022,'岗位修改',104,3,'','','',1,0,'F','0','0','system:post:edit','#','admin','2024-04-22 22:59:48','',NULL,''),(1023,'岗位删除',104,4,'','','',1,0,'F','0','0','system:post:remove','#','admin','2024-04-22 22:59:48','',NULL,''),(1024,'岗位导出',104,5,'','','',1,0,'F','0','0','system:post:export','#','admin','2024-04-22 22:59:48','',NULL,''),(1025,'字典查询',105,1,'#','','',1,0,'F','0','0','system:dict:query','#','admin','2024-04-22 22:59:48','',NULL,''),(1026,'字典新增',105,2,'#','','',1,0,'F','0','0','system:dict:add','#','admin','2024-04-22 22:59:48','',NULL,''),(1027,'字典修改',105,3,'#','','',1,0,'F','0','0','system:dict:edit','#','admin','2024-04-22 22:59:48','',NULL,''),(1028,'字典删除',105,4,'#','','',1,0,'F','0','0','system:dict:remove','#','admin','2024-04-22 22:59:48','',NULL,''),(1029,'字典导出',105,5,'#','','',1,0,'F','0','0','system:dict:export','#','admin','2024-04-22 22:59:48','',NULL,''),(1030,'参数查询',106,1,'#','','',1,0,'F','0','0','system:config:query','#','admin','2024-04-22 22:59:48','',NULL,''),(1031,'参数新增',106,2,'#','','',1,0,'F','0','0','system:config:add','#','admin','2024-04-22 22:59:48','',NULL,''),(1032,'参数修改',106,3,'#','','',1,0,'F','0','0','system:config:edit','#','admin','2024-04-22 22:59:48','',NULL,''),(1033,'参数删除',106,4,'#','','',1,0,'F','0','0','system:config:remove','#','admin','2024-04-22 22:59:48','',NULL,''),(1034,'参数导出',106,5,'#','','',1,0,'F','0','0','system:config:export','#','admin','2024-04-22 22:59:48','',NULL,''),(1035,'公告查询',107,1,'#','','',1,0,'F','0','0','system:notice:query','#','admin','2024-04-22 22:59:48','',NULL,''),(1036,'公告新增',107,2,'#','','',1,0,'F','0','0','system:notice:add','#','admin','2024-04-22 22:59:48','',NULL,''),(1037,'公告修改',107,3,'#','','',1,0,'F','0','0','system:notice:edit','#','admin','2024-04-22 22:59:48','',NULL,''),(1038,'公告删除',107,4,'#','','',1,0,'F','0','0','system:notice:remove','#','admin','2024-04-22 22:59:48','',NULL,''),(1039,'操作查询',500,1,'#','','',1,0,'F','0','0','monitor:operlog:query','#','admin','2024-04-22 22:59:48','',NULL,''),(1040,'操作删除',500,2,'#','','',1,0,'F','0','0','monitor:operlog:remove','#','admin','2024-04-22 22:59:48','',NULL,''),(1041,'日志导出',500,3,'#','','',1,0,'F','0','0','monitor:operlog:export','#','admin','2024-04-22 22:59:48','',NULL,''),(1042,'登录查询',501,1,'#','','',1,0,'F','0','0','monitor:logininfor:query','#','admin','2024-04-22 22:59:48','',NULL,''),(1043,'登录删除',501,2,'#','','',1,0,'F','0','0','monitor:logininfor:remove','#','admin','2024-04-22 22:59:48','',NULL,''),(1044,'日志导出',501,3,'#','','',1,0,'F','0','0','monitor:logininfor:export','#','admin','2024-04-22 22:59:48','',NULL,''),(1045,'账户解锁',501,4,'#','','',1,0,'F','0','0','monitor:logininfor:unlock','#','admin','2024-04-22 22:59:48','',NULL,''),(1046,'在线查询',109,1,'#','','',1,0,'F','0','0','monitor:online:query','#','admin','2024-04-22 22:59:48','',NULL,''),(1047,'批量强退',109,2,'#','','',1,0,'F','0','0','monitor:online:batchLogout','#','admin','2024-04-22 22:59:48','',NULL,''),(1048,'单条强退',109,3,'#','','',1,0,'F','0','0','monitor:online:forceLogout','#','admin','2024-04-22 22:59:48','',NULL,''),(1049,'任务查询',110,1,'#','','',1,0,'F','0','0','monitor:job:query','#','admin','2024-04-22 22:59:48','',NULL,''),(1050,'任务新增',110,2,'#','','',1,0,'F','0','0','monitor:job:add','#','admin','2024-04-22 22:59:48','',NULL,''),(1051,'任务修改',110,3,'#','','',1,0,'F','0','0','monitor:job:edit','#','admin','2024-04-22 22:59:48','',NULL,''),(1052,'任务删除',110,4,'#','','',1,0,'F','0','0','monitor:job:remove','#','admin','2024-04-22 22:59:48','',NULL,''),(1053,'状态修改',110,5,'#','','',1,0,'F','0','0','monitor:job:changeStatus','#','admin','2024-04-22 22:59:48','',NULL,''),(1054,'任务导出',110,6,'#','','',1,0,'F','0','0','monitor:job:export','#','admin','2024-04-22 22:59:48','',NULL,''),(1055,'生成查询',116,1,'#','','',1,0,'F','0','0','tool:gen:query','#','admin','2024-04-22 22:59:48','',NULL,''),(1056,'生成修改',116,2,'#','','',1,0,'F','0','0','tool:gen:edit','#','admin','2024-04-22 22:59:48','',NULL,''),(1057,'生成删除',116,3,'#','','',1,0,'F','0','0','tool:gen:remove','#','admin','2024-04-22 22:59:48','',NULL,''),(1058,'导入代码',116,4,'#','','',1,0,'F','0','0','tool:gen:import','#','admin','2024-04-22 22:59:48','',NULL,''),(1059,'预览代码',116,5,'#','','',1,0,'F','0','0','tool:gen:preview','#','admin','2024-04-22 22:59:48','',NULL,''),(1060,'生成代码',116,6,'#','','',1,0,'F','0','0','tool:gen:code','#','admin','2024-04-22 22:59:48','',NULL,''),(2006,'课程管理',0,1,'course','course/course/index',NULL,1,0,'C','0','0','','课程管理','admin','2024-04-23 11:24:08','admin','2024-05-05 19:09:14','课程管理菜单'),(2007,'课程管理查询',2006,1,'#','',NULL,1,0,'F','0','0','course:course:query','#','admin','2024-04-23 11:24:08','',NULL,''),(2008,'课程管理新增',2006,2,'#','',NULL,1,0,'F','0','0','course:course:add','#','admin','2024-04-23 11:24:08','',NULL,''),(2009,'课程管理修改',2006,3,'#','',NULL,1,0,'F','0','0','course:course:edit','#','admin','2024-04-23 11:24:08','',NULL,''),(2010,'课程管理删除',2006,4,'#','',NULL,1,0,'F','0','0','course:course:remove','#','admin','2024-04-23 11:24:08','',NULL,''),(2011,'课程管理导出',2006,5,'#','',NULL,1,0,'F','0','0','course:course:export','#','admin','2024-04-23 11:24:08','',NULL,''),(2035,'统计分析',0,1,'statistics',NULL,NULL,1,0,'M','0','0',NULL,'dashboard','admin','2024-04-28 22:22:03','',NULL,''),(2036,'客户统计',2035,1,'customer',NULL,NULL,1,0,'C','0','0',NULL,'cascader','admin','2024-04-28 22:23:28','',NULL,''),(2044,'菜品管理',0,1,'dish','merchant/dish/index',NULL,1,0,'C','0','0','merchant:dish:list','菜品管理','admin','2024-05-07 19:53:38','admin','2024-05-10 14:58:38','菜品管理菜单'),(2045,'菜品管理查询',2044,1,'#','',NULL,1,0,'F','0','0','merchant:dish:query','#','admin','2024-05-07 19:53:38','',NULL,''),(2046,'菜品管理新增',2044,2,'#','',NULL,1,0,'F','0','0','merchant:dish:add','#','admin','2024-05-07 19:53:38','',NULL,''),(2047,'菜品管理修改',2044,3,'#','',NULL,1,0,'F','0','0','merchant:dish:edit','#','admin','2024-05-07 19:53:38','',NULL,''),(2048,'菜品管理删除',2044,4,'#','',NULL,1,0,'F','0','0','merchant:dish:remove','#','admin','2024-05-07 19:53:38','',NULL,''),(2049,'菜品管理导出',2044,5,'#','',NULL,1,0,'F','0','0','merchant:dish:export','#','admin','2024-05-07 19:53:38','',NULL,'');
/*!40000 ALTER TABLE `sys_menu` ENABLE KEYS */;
UNLOCK TABLES;

--
-- Table structure for table `sys_notice`
--

DROP TABLE IF EXISTS `sys_notice`;
/*!40101 SET @saved_cs_client     = @@character_set_client */;
/*!50503 SET character_set_client = utf8mb4 */;
CREATE TABLE `sys_notice` (
  `notice_id` int NOT NULL AUTO_INCREMENT COMMENT '公告ID',
  `notice_title` varchar(50) NOT NULL COMMENT '公告标题',
  `notice_type` char(1) NOT NULL COMMENT '公告类型（1通知 2公告）',
  `notice_content` longblob COMMENT '公告内容',
  `status` char(1) DEFAULT '0' COMMENT '公告状态（0正常 1关闭）',
  `create_by` varchar(64) DEFAULT '' COMMENT '创建者',
  `create_time` datetime DEFAULT NULL COMMENT '创建时间',
  `update_by` varchar(64) DEFAULT '' COMMENT '更新者',
  `update_time` datetime DEFAULT NULL COMMENT '更新时间',
  `remark` varchar(255) DEFAULT NULL COMMENT '备注',
  PRIMARY KEY (`notice_id`)
) ENGINE=InnoDB AUTO_INCREMENT=12 DEFAULT CHARSET=utf8mb4 COLLATE=utf8mb4_0900_ai_ci COMMENT='通知公告表';
/*!40101 SET character_set_client = @saved_cs_client */;

--
-- Dumping data for table `sys_notice`
--

LOCK TABLES `sys_notice` WRITE;
/*!40000 ALTER TABLE `sys_notice` DISABLE KEYS */;
INSERT INTO `sys_notice` VALUES (1,'温馨提醒：2018-07-01 若依新版本发布啦','2',_binary '新版本内容','0','admin','2024-04-22 22:59:49','',NULL,'管理员'),(2,'维护通知：2018-07-01 若依系统凌晨维护','1',_binary '维护内容','0','admin','2024-04-22 22:59:49','',NULL,'管理员'),(11,'劳动节放假通知','1',_binary '<p><img src=\"/dev-api/profile/upload/2024/04/28/InsertPic_(04-28-17-15-03)_20240428180804A001.jpg\"></p>','0','admin','2024-04-28 18:08:06','',NULL,NULL);
/*!40000 ALTER TABLE `sys_notice` ENABLE KEYS */;
UNLOCK TABLES;

--
-- Table structure for table `sys_oper_log`
--

DROP TABLE IF EXISTS `sys_oper_log`;
/*!40101 SET @saved_cs_client     = @@character_set_client */;
/*!50503 SET character_set_client = utf8mb4 */;
CREATE TABLE `sys_oper_log` (
  `oper_id` bigint NOT NULL AUTO_INCREMENT COMMENT '日志主键',
  `title` varchar(50) DEFAULT '' COMMENT '模块标题',
  `business_type` int DEFAULT '0' COMMENT '业务类型（0其它 1新增 2修改 3删除）',
  `method` varchar(100) DEFAULT '' COMMENT '方法名称',
  `request_method` varchar(10) DEFAULT '' COMMENT '请求方式',
  `operator_type` int DEFAULT '0' COMMENT '操作类别（0其它 1后台用户 2手机端用户）',
  `oper_name` varchar(50) DEFAULT '' COMMENT '操作人员',
  `dept_name` varchar(50) DEFAULT '' COMMENT '部门名称',
  `oper_url` varchar(255) DEFAULT '' COMMENT '请求URL',
  `oper_ip` varchar(128) DEFAULT '' COMMENT '主机地址',
  `oper_location` varchar(255) DEFAULT '' COMMENT '操作地点',
  `oper_param` varchar(2000) DEFAULT '' COMMENT '请求参数',
  `json_result` varchar(2000) DEFAULT '' COMMENT '返回参数',
  `status` int DEFAULT '0' COMMENT '操作状态（0正常 1异常）',
  `error_msg` varchar(2000) DEFAULT '' COMMENT '错误消息',
  `oper_time` datetime DEFAULT NULL COMMENT '操作时间',
  `cost_time` bigint DEFAULT '0' COMMENT '消耗时间',
  PRIMARY KEY (`oper_id`),
  KEY `idx_sys_oper_log_bt` (`business_type`),
  KEY `idx_sys_oper_log_s` (`status`),
  KEY `idx_sys_oper_log_ot` (`oper_time`)
) ENGINE=InnoDB AUTO_INCREMENT=218 DEFAULT CHARSET=utf8mb4 COLLATE=utf8mb4_0900_ai_ci COMMENT='操作日志记录';
/*!40101 SET character_set_client = @saved_cs_client */;

--
-- Dumping data for table `sys_oper_log`
--

LOCK TABLES `sys_oper_log` WRITE;
/*!40000 ALTER TABLE `sys_oper_log` DISABLE KEYS */;
INSERT INTO `sys_oper_log` VALUES (1,'操作日志',9,'com.ruoyi.web.controller.monitor.SysOperlogController.clean()','DELETE',1,'admin','研发部门','/monitor/operlog/clean','127.0.0.1','内网IP','{}','{\"msg\":\"操作成功\",\"code\":200}',0,NULL,'2024-04-25 10:44:23',36),(2,'定时任务',3,'com.ruoyi.quartz.controller.SysJobController.remove()','DELETE',1,'admin','研发部门','/monitor/job/100','127.0.0.1','内网IP','{}','{\"msg\":\"操作成功\",\"code\":200}',0,NULL,'2024-04-25 16:22:30',31),(3,'定时任务',1,'com.ruoyi.quartz.controller.SysJobController.add()','POST',1,'admin','研发部门','/monitor/job','127.0.0.1','内网IP','{\"concurrent\":\"1\",\"createBy\":\"admin\",\"cronExpression\":\"0/5 * * * * ?\",\"invokeTarget\":\"ryTask.showTime()\",\"jobGroup\":\"DEFAULT\",\"jobId\":101,\"jobName\":\"输出时间\",\"misfirePolicy\":\"1\",\"nextValidTime\":\"2024-04-25 17:20:10\",\"params\":{},\"status\":\"1\"}','{\"msg\":\"操作成功\",\"code\":200}',0,NULL,'2024-04-25 17:20:08',43),(4,'定时任务',2,'com.ruoyi.quartz.controller.SysJobController.changeStatus()','PUT',1,'admin','研发部门','/monitor/job/changeStatus','127.0.0.1','内网IP','{\"jobId\":101,\"misfirePolicy\":\"0\",\"params\":{},\"status\":\"0\"}','{\"msg\":\"操作成功\",\"code\":200}',0,NULL,'2024-04-25 17:20:11',10),(5,'定时任务',2,'com.ruoyi.quartz.controller.SysJobController.changeStatus()','PUT',1,'admin','研发部门','/monitor/job/changeStatus','127.0.0.1','内网IP','{\"jobId\":101,\"misfirePolicy\":\"0\",\"params\":{},\"status\":\"1\"}','{\"msg\":\"操作成功\",\"code\":200}',0,NULL,'2024-04-25 17:20:40',7),(6,'定时任务',3,'com.ruoyi.quartz.controller.SysJobController.remove()','DELETE',1,'admin','研发部门','/monitor/job/101','127.0.0.1','内网IP','{}','{\"msg\":\"操作成功\",\"code\":200}',0,NULL,'2024-04-25 17:20:49',10),(7,'定时任务',1,'com.ruoyi.quartz.controller.SysJobController.add()','POST',1,'admin','研发部门','/monitor/job','127.0.0.1','内网IP','{\"concurrent\":\"1\",\"createBy\":\"admin\",\"cronExpression\":\"0/5 * * * * ?\",\"invokeTarget\":\"myTask.showTime()\",\"jobGroup\":\"DEFAULT\",\"jobId\":102,\"jobName\":\"输出时间\",\"misfirePolicy\":\"1\",\"nextValidTime\":\"2024-04-25 17:29:00\",\"params\":{},\"status\":\"1\"}','{\"msg\":\"操作成功\",\"code\":200}',0,NULL,'2024-04-25 17:28:59',44),(8,'定时任务',2,'com.ruoyi.quartz.controller.SysJobController.changeStatus()','PUT',1,'admin','研发部门','/monitor/job/changeStatus','127.0.0.1','内网IP','{\"jobId\":102,\"misfirePolicy\":\"0\",\"params\":{},\"status\":\"0\"}','{\"msg\":\"操作成功\",\"code\":200}',0,NULL,'2024-04-25 17:29:09',15),(9,'定时任务',2,'com.ruoyi.quartz.controller.SysJobController.changeStatus()','PUT',1,'admin','研发部门','/monitor/job/changeStatus','127.0.0.1','内网IP','{\"jobId\":102,\"misfirePolicy\":\"0\",\"params\":{},\"status\":\"1\"}','{\"msg\":\"操作成功\",\"code\":200}',0,NULL,'2024-04-25 17:29:39',18),(10,'定时任务',2,'com.ruoyi.quartz.controller.SysJobController.edit()','PUT',1,'admin','研发部门','/monitor/job','127.0.0.1','内网IP','{\"concurrent\":\"1\",\"createBy\":\"admin\",\"createTime\":\"2024-04-25 17:28:59\",\"cronExpression\":\"0/5 * * * * ?\",\"invokeTarget\":\"myTask.showTime()\",\"jobGroup\":\"DEFAULT\",\"jobId\":102,\"jobName\":\"输出时间\",\"misfirePolicy\":\"1\",\"nextValidTime\":\"2024-04-25 18:27:50\",\"params\":{},\"remark\":\"\",\"status\":\"1\",\"updateBy\":\"admin\"}','{\"msg\":\"操作成功\",\"code\":200}',0,NULL,'2024-04-25 18:27:49',11),(11,'定时任务',2,'com.ruoyi.quartz.controller.SysJobController.edit()','PUT',1,'admin','研发部门','/monitor/job','127.0.0.1','内网IP','{\"concurrent\":\"1\",\"createBy\":\"admin\",\"createTime\":\"2024-04-25 17:28:59\",\"cronExpression\":\"0/5 * * * * ?\",\"invokeTarget\":\"myTask.showTime()\",\"jobGroup\":\"DEFAULT\",\"jobId\":102,\"jobName\":\"输出时间\",\"misfirePolicy\":\"1\",\"nextValidTime\":\"2024-04-25 18:31:55\",\"params\":{},\"remark\":\"\",\"status\":\"1\",\"updateBy\":\"admin\"}','{\"msg\":\"操作成功\",\"code\":200}',0,NULL,'2024-04-25 18:31:54',9),(12,'定时任务',2,'com.ruoyi.quartz.controller.SysJobController.edit()','PUT',1,'admin','研发部门','/monitor/job','127.0.0.1','内网IP','{\"concurrent\":\"1\",\"createBy\":\"admin\",\"createTime\":\"2024-04-25 17:28:59\",\"cronExpression\":\"0/5 * * * * ?\",\"invokeTarget\":\"myTask.showTime()\",\"jobGroup\":\"DEFAULT\",\"jobId\":102,\"jobName\":\"输出时间\",\"misfirePolicy\":\"1\",\"nextValidTime\":\"2024-04-25 18:40:50\",\"params\":{},\"remark\":\"\",\"status\":\"1\",\"updateBy\":\"admin\"}','{\"msg\":\"操作成功\",\"code\":200}',0,NULL,'2024-04-25 18:40:49',8),(13,'定时任务',2,'com.ruoyi.quartz.controller.SysJobController.edit()','PUT',1,'admin','研发部门','/monitor/job','127.0.0.1','内网IP','{\"concurrent\":\"1\",\"createBy\":\"admin\",\"createTime\":\"2024-04-25 17:28:59\",\"cronExpression\":\"0/5 * * * * ?\",\"invokeTarget\":\"myTask.showTime()\",\"jobGroup\":\"DEFAULT\",\"jobId\":102,\"jobName\":\"输出时间\",\"misfirePolicy\":\"1\",\"nextValidTime\":\"2024-04-25 18:41:45\",\"params\":{},\"remark\":\"\",\"status\":\"1\",\"updateBy\":\"admin\"}','{\"msg\":\"操作成功\",\"code\":200}',0,NULL,'2024-04-25 18:41:42',8),(14,'定时任务',2,'com.ruoyi.quartz.controller.SysJobController.edit()','PUT',1,'admin','研发部门','/monitor/job','127.0.0.1','内网IP','{\"concurrent\":\"1\",\"createBy\":\"admin\",\"createTime\":\"2024-04-25 17:28:59\",\"cronExpression\":\"0/5 * * * * ?\",\"invokeTarget\":\"myTask.showTime()\",\"jobGroup\":\"DEFAULT\",\"jobId\":102,\"jobName\":\"输出时间\",\"misfirePolicy\":\"1\",\"nextValidTime\":\"2024-04-25 18:42:10\",\"params\":{},\"remark\":\"\",\"status\":\"1\",\"updateBy\":\"admin\"}','{\"msg\":\"操作成功\",\"code\":200}',0,NULL,'2024-04-25 18:42:08',14),(15,'定时任务',2,'com.ruoyi.quartz.controller.SysJobController.edit()','PUT',1,'admin','研发部门','/monitor/job','127.0.0.1','内网IP','{\"concurrent\":\"1\",\"createBy\":\"admin\",\"createTime\":\"2024-04-25 17:28:59\",\"cronExpression\":\"0/5 * * * * ?\",\"invokeTarget\":\"myTask.showTime()\",\"jobGroup\":\"DEFAULT\",\"jobId\":102,\"jobName\":\"输出时间\",\"misfirePolicy\":\"1\",\"nextValidTime\":\"2024-04-25 18:43:40\",\"params\":{},\"remark\":\"\",\"status\":\"1\",\"updateBy\":\"admin\"}','{\"msg\":\"操作成功\",\"code\":200}',0,NULL,'2024-04-25 18:43:36',10),(16,'定时任务',2,'com.ruoyi.quartz.controller.SysJobController.edit()','PUT',1,'admin','研发部门','/monitor/job','127.0.0.1','内网IP','{\"concurrent\":\"1\",\"createBy\":\"admin\",\"createTime\":\"2024-04-25 17:28:59\",\"cronExpression\":\"0/5 * * * * ?\",\"invokeTarget\":\"myTask.showTime()\",\"jobGroup\":\"DEFAULT\",\"jobId\":102,\"jobName\":\"输出时间\",\"misfirePolicy\":\"1\",\"nextValidTime\":\"2024-04-25 18:43:50\",\"params\":{},\"remark\":\"\",\"status\":\"1\",\"updateBy\":\"admin\"}','{\"msg\":\"操作成功\",\"code\":200}',0,NULL,'2024-04-25 18:43:49',8),(17,'定时任务',2,'com.ruoyi.quartz.controller.SysJobController.edit()','PUT',1,'admin','研发部门','/monitor/job','127.0.0.1','内网IP','{\"concurrent\":\"1\",\"createBy\":\"admin\",\"createTime\":\"2024-04-25 17:28:59\",\"cronExpression\":\"0/5 * * * * ?\",\"invokeTarget\":\"myTask.showTime()\",\"jobGroup\":\"DEFAULT\",\"jobId\":102,\"jobName\":\"输出时间\",\"misfirePolicy\":\"1\",\"nextValidTime\":\"2024-04-25 18:44:45\",\"params\":{},\"remark\":\"\",\"status\":\"1\",\"updateBy\":\"admin\"}','{\"msg\":\"操作成功\",\"code\":200}',0,NULL,'2024-04-25 18:44:43',12),(18,'定时任务',2,'com.ruoyi.quartz.controller.SysJobController.edit()','PUT',1,'admin','研发部门','/monitor/job','127.0.0.1','内网IP','{\"concurrent\":\"1\",\"createBy\":\"admin\",\"createTime\":\"2024-04-25 17:28:59\",\"cronExpression\":\"0/5 * * * * ?\",\"invokeTarget\":\"myTask.showTime()\",\"jobGroup\":\"DEFAULT\",\"jobId\":102,\"jobName\":\"输出时间\",\"misfirePolicy\":\"1\",\"nextValidTime\":\"2024-04-25 18:45:25\",\"params\":{},\"remark\":\"\",\"status\":\"1\",\"updateBy\":\"admin\"}','{\"msg\":\"操作成功\",\"code\":200}',0,NULL,'2024-04-25 18:45:24',10),(19,'定时任务',2,'com.ruoyi.quartz.controller.SysJobController.edit()','PUT',1,'admin','研发部门','/monitor/job','127.0.0.1','内网IP','{\"concurrent\":\"1\",\"createBy\":\"admin\",\"createTime\":\"2024-04-25 17:28:59\",\"cronExpression\":\"0/5 * * * * ?\",\"invokeTarget\":\"myTask.showTime()\",\"jobGroup\":\"DEFAULT\",\"jobId\":102,\"jobName\":\"输出时间\",\"misfirePolicy\":\"1\",\"nextValidTime\":\"2024-04-25 18:45:50\",\"params\":{},\"remark\":\"\",\"status\":\"1\",\"updateBy\":\"admin\"}','{\"msg\":\"操作成功\",\"code\":200}',0,NULL,'2024-04-25 18:45:46',12),(20,'菜单管理',1,'com.ruoyi.web.controller.system.SysMenuController.add()','POST',1,'admin','研发部门','/system/menu','127.0.0.1','内网IP','{\"children\":[],\"component\":\"course/course/add\",\"createBy\":\"admin\",\"icon\":\"checkbox\",\"isCache\":\"0\",\"isFrame\":\"1\",\"menuName\":\"添加课程\",\"menuType\":\"C\",\"orderNum\":2,\"params\":{},\"parentId\":0,\"path\":\"course/add\",\"status\":\"0\",\"visible\":\"0\"}','{\"msg\":\"操作成功\",\"code\":200}',0,NULL,'2024-04-25 22:09:52',14),(21,'菜单管理',2,'com.ruoyi.web.controller.system.SysMenuController.edit()','PUT',1,'admin','研发部门','/system/menu','127.0.0.1','内网IP','{\"children\":[],\"component\":\"course/course/add\",\"createTime\":\"2024-04-25 22:09:52\",\"icon\":\"checkbox\",\"isCache\":\"0\",\"isFrame\":\"1\",\"menuId\":2018,\"menuName\":\"添加课程\",\"menuType\":\"C\",\"orderNum\":1,\"params\":{},\"parentId\":0,\"path\":\"course/add\",\"perms\":\"\",\"status\":\"0\",\"updateBy\":\"admin\",\"visible\":\"0\"}','{\"msg\":\"操作成功\",\"code\":200}',0,NULL,'2024-04-25 22:10:08',8),(22,'菜单管理',1,'com.ruoyi.web.controller.system.SysMenuController.add()','POST',1,'admin','研发部门','/system/menu','127.0.0.1','内网IP','{\"children\":[],\"component\":\"course/course/add\",\"icon\":\"checkbox\",\"isCache\":\"0\",\"isFrame\":\"1\",\"menuName\":\"添加课程\",\"menuType\":\"C\",\"orderNum\":1,\"params\":{},\"parentId\":0,\"path\":\"course/add\",\"status\":\"0\",\"visible\":\"0\"}','{\"msg\":\"新增菜单\'添加课程\'失败，菜单名称已存在\",\"code\":500}',0,NULL,'2024-04-26 08:51:25',12),(23,'菜单管理',3,'com.ruoyi.web.controller.system.SysMenuController.remove()','DELETE',1,'admin','研发部门','/system/menu/2018','127.0.0.1','内网IP','{}','{\"msg\":\"操作成功\",\"code\":200}',0,NULL,'2024-04-26 08:56:34',26),(24,'菜单管理',1,'com.ruoyi.web.controller.system.SysMenuController.add()','POST',1,'admin','研发部门','/system/menu','127.0.0.1','内网IP','{\"children\":[],\"component\":\"course/course/add\",\"createBy\":\"admin\",\"icon\":\"dict\",\"isCache\":\"0\",\"isFrame\":\"1\",\"menuName\":\"添加课程\",\"menuType\":\"C\",\"orderNum\":1,\"params\":{},\"parentId\":0,\"path\":\"course/add\",\"status\":\"0\",\"visible\":\"0\"}','{\"msg\":\"操作成功\",\"code\":200}',0,NULL,'2024-04-26 10:51:44',16),(25,'菜单管理',3,'com.ruoyi.web.controller.system.SysMenuController.remove()','DELETE',1,'admin','研发部门','/system/menu/2019','127.0.0.1','内网IP','{}','{\"msg\":\"操作成功\",\"code\":200}',0,NULL,'2024-04-26 10:53:39',8),(26,'菜单管理',1,'com.ruoyi.web.controller.system.SysMenuController.add()','POST',1,'admin','研发部门','/system/menu','127.0.0.1','内网IP','{\"children\":[],\"component\":\"course/course/add\",\"createBy\":\"admin\",\"icon\":\"build\",\"isCache\":\"0\",\"isFrame\":\"1\",\"menuName\":\"添加课程\",\"menuType\":\"C\",\"orderNum\":1,\"params\":{},\"parentId\":0,\"path\":\"course/add\",\"status\":\"0\",\"visible\":\"0\"}','{\"msg\":\"操作成功\",\"code\":200}',0,NULL,'2024-04-26 11:00:29',8),(27,'代码生成',6,'com.ruoyi.generator.controller.GenController.importTableSave()','POST',1,'admin','研发部门','/tool/gen/importTable','127.0.0.1','内网IP','{\"tables\":\"dish\"}','{\"msg\":\"操作成功\",\"code\":200}',0,NULL,'2024-04-26 13:17:02',105),(28,'代码生成',6,'com.ruoyi.generator.controller.GenController.importTableSave()','POST',1,'admin','研发部门','/tool/gen/importTable','127.0.0.1','内网IP','{\"tables\":\"dish_flavor\"}','{\"msg\":\"操作成功\",\"code\":200}',0,NULL,'2024-04-26 13:17:55',28),(29,'代码生成',2,'com.ruoyi.generator.controller.GenController.editSave()','PUT',1,'admin','研发部门','/tool/gen','127.0.0.1','内网IP','{\"businessName\":\"dish\",\"className\":\"Dish\",\"columns\":[{\"capJavaField\":\"Id\",\"columnComment\":\"主键\",\"columnId\":56,\"columnName\":\"id\",\"columnType\":\"bigint\",\"createBy\":\"admin\",\"createTime\":\"2024-04-26 13:17:02\",\"dictType\":\"\",\"edit\":false,\"htmlType\":\"input\",\"increment\":true,\"insert\":true,\"isIncrement\":\"1\",\"isInsert\":\"1\",\"isPk\":\"1\",\"isRequired\":\"0\",\"javaField\":\"id\",\"javaType\":\"Long\",\"list\":false,\"params\":{},\"pk\":true,\"query\":false,\"queryType\":\"EQ\",\"required\":false,\"sort\":1,\"superColumn\":false,\"tableId\":6,\"updateBy\":\"\",\"usableColumn\":false},{\"capJavaField\":\"Name\",\"columnComment\":\"菜品名称\",\"columnId\":57,\"columnName\":\"name\",\"columnType\":\"varchar(32)\",\"createBy\":\"admin\",\"createTime\":\"2024-04-26 13:17:02\",\"dictType\":\"\",\"edit\":true,\"htmlType\":\"input\",\"increment\":false,\"insert\":true,\"isEdit\":\"1\",\"isIncrement\":\"0\",\"isInsert\":\"1\",\"isList\":\"1\",\"isPk\":\"0\",\"isQuery\":\"1\",\"isRequired\":\"1\",\"javaField\":\"name\",\"javaType\":\"String\",\"list\":true,\"params\":{},\"pk\":false,\"query\":true,\"queryType\":\"LIKE\",\"required\":true,\"sort\":2,\"superColumn\":false,\"tableId\":6,\"updateBy\":\"\",\"usableColumn\":false},{\"capJavaField\":\"CategoryId\",\"columnComment\":\"菜品分类id\",\"columnId\":58,\"columnName\":\"category_id\",\"columnType\":\"bigint\",\"createBy\":\"admin\",\"createTime\":\"2024-04-26 13:17:02\",\"dictType\":\"\",\"edit\":true,\"htmlType\":\"input\",\"increment\":false,\"insert\":true,\"isEdit\":\"1\",\"isIncrement\":\"0\",\"isInsert\":\"1\",\"isList\":\"1\",\"isPk\":\"0\",\"isQuery\":\"1\",\"isRequired\":\"1\",\"javaField\":\"categoryId\",\"javaType\":\"Long\",\"list\":true,\"params\":{},\"pk\":false,\"query\":true,\"queryType\":\"EQ\",\"required\":true,\"sort\":3,\"superColumn\":false,\"tableId\":6,\"updateBy\":\"\",\"usableColumn\":false},{\"capJavaField\":\"Price\",\"columnComment\":\"菜品价格\",\"columnId\":59,\"columnName\":\"price\",\"columnType\":\"decimal(10,2)\",\"createBy\":\"admin\",\"createTime\":\"2024-04-26 13:17:02\",\"dictType\":\"\",\"edit\":true,\"htmlType\":\"input\",\"increment\":false,\"insert\":true,\"isEdit\":\"1\",\"isIncrement\":\"0\",\"isInsert\":\"1\",\"isList\":\"1\",\"isPk\":\"0\",\"isQuery\":\"1\",\"isRequired\":\"0\",\"javaField\":\"price\",\"javaType\":\"B','{\"msg\":\"操作成功\",\"code\":200}',0,NULL,'2024-04-26 13:18:25',41),(30,'代码生成',3,'com.ruoyi.generator.controller.GenController.remove()','DELETE',1,'admin','研发部门','/tool/gen/6,7','127.0.0.1','内网IP','{}','{\"msg\":\"操作成功\",\"code\":200}',0,NULL,'2024-04-26 13:29:35',21),(31,'代码生成',6,'com.ruoyi.generator.controller.GenController.importTableSave()','POST',1,'admin','研发部门','/tool/gen/importTable','127.0.0.1','内网IP','{\"tables\":\"sys_dept\"}','{\"msg\":\"操作成功\",\"code\":200}',0,NULL,'2024-04-26 13:35:38',85),(32,'代码生成',2,'com.ruoyi.generator.controller.GenController.editSave()','PUT',1,'admin','研发部门','/tool/gen','127.0.0.1','内网IP','{\"businessName\":\"dept\",\"className\":\"SysDept\",\"columns\":[{\"capJavaField\":\"DeptId\",\"columnComment\":\"部门id\",\"columnId\":71,\"columnName\":\"dept_id\",\"columnType\":\"bigint\",\"createBy\":\"admin\",\"createTime\":\"2024-04-26 13:35:38\",\"dictType\":\"\",\"edit\":false,\"htmlType\":\"input\",\"increment\":true,\"insert\":true,\"isIncrement\":\"1\",\"isInsert\":\"1\",\"isPk\":\"1\",\"isRequired\":\"0\",\"javaField\":\"deptId\",\"javaType\":\"Long\",\"list\":false,\"params\":{},\"pk\":true,\"query\":false,\"queryType\":\"EQ\",\"required\":false,\"sort\":1,\"superColumn\":false,\"tableId\":8,\"updateBy\":\"\",\"usableColumn\":false},{\"capJavaField\":\"ParentId\",\"columnComment\":\"父部门id\",\"columnId\":72,\"columnName\":\"parent_id\",\"columnType\":\"bigint\",\"createBy\":\"admin\",\"createTime\":\"2024-04-26 13:35:38\",\"dictType\":\"\",\"edit\":true,\"htmlType\":\"input\",\"increment\":false,\"insert\":true,\"isEdit\":\"1\",\"isIncrement\":\"0\",\"isInsert\":\"1\",\"isList\":\"1\",\"isPk\":\"0\",\"isQuery\":\"1\",\"isRequired\":\"0\",\"javaField\":\"parentId\",\"javaType\":\"Long\",\"list\":true,\"params\":{},\"pk\":false,\"query\":true,\"queryType\":\"EQ\",\"required\":false,\"sort\":2,\"superColumn\":true,\"tableId\":8,\"updateBy\":\"\",\"usableColumn\":true},{\"capJavaField\":\"Ancestors\",\"columnComment\":\"祖级列表\",\"columnId\":73,\"columnName\":\"ancestors\",\"columnType\":\"varchar(50)\",\"createBy\":\"admin\",\"createTime\":\"2024-04-26 13:35:38\",\"dictType\":\"\",\"edit\":true,\"htmlType\":\"input\",\"increment\":false,\"insert\":true,\"isEdit\":\"1\",\"isIncrement\":\"0\",\"isInsert\":\"1\",\"isList\":\"1\",\"isPk\":\"0\",\"isQuery\":\"1\",\"isRequired\":\"0\",\"javaField\":\"ancestors\",\"javaType\":\"String\",\"list\":true,\"params\":{},\"pk\":false,\"query\":true,\"queryType\":\"EQ\",\"required\":false,\"sort\":3,\"superColumn\":true,\"tableId\":8,\"updateBy\":\"\",\"usableColumn\":false},{\"capJavaField\":\"DeptName\",\"columnComment\":\"部门名称\",\"columnId\":74,\"columnName\":\"dept_name\",\"columnType\":\"varchar(30)\",\"createBy\":\"admin\",\"createTime\":\"2024-04-26 13:35:38\",\"dictType\":\"\",\"edit\":true,\"htmlType\":\"input\",\"increment\":false,\"insert\":true,\"isEdit\":\"1\",\"isIncrement\":\"0\",\"isInsert\":\"1\",\"isList\":\"1\",\"isPk\":\"0\",\"isQuery\":\"1\",\"isRequired\":\"0\",\"java','{\"msg\":\"操作成功\",\"code\":200}',0,NULL,'2024-04-26 13:48:40',49),(33,'代码生成',3,'com.ruoyi.generator.controller.GenController.remove()','DELETE',1,'admin','研发部门','/tool/gen/8','127.0.0.1','内网IP','{}','{\"msg\":\"操作成功\",\"code\":200}',0,NULL,'2024-04-26 13:48:51',5),(34,'代码生成',6,'com.ruoyi.generator.controller.GenController.importTableSave()','POST',1,'admin','研发部门','/tool/gen/importTable','127.0.0.1','内网IP','{\"tables\":\"sys_dept\"}','{\"msg\":\"操作成功\",\"code\":200}',0,NULL,'2024-04-26 15:14:38',68),(35,'代码生成',3,'com.ruoyi.generator.controller.GenController.remove()','DELETE',1,'admin','研发部门','/tool/gen/9','127.0.0.1','内网IP','{}','{\"msg\":\"操作成功\",\"code\":200}',0,NULL,'2024-04-26 15:16:27',7),(36,'代码生成',6,'com.ruoyi.generator.controller.GenController.importTableSave()','POST',1,'admin','研发部门','/tool/gen/importTable','127.0.0.1','内网IP','{\"tables\":\"sys_dept\"}','{\"msg\":\"操作成功\",\"code\":200}',0,NULL,'2024-04-26 15:17:33',46),(37,'代码生成',2,'com.ruoyi.generator.controller.GenController.editSave()','PUT',1,'admin','研发部门','/tool/gen','127.0.0.1','内网IP','{\"businessName\":\"dept\",\"className\":\"SysDept\",\"columns\":[{\"capJavaField\":\"DeptId\",\"columnComment\":\"部门id\",\"columnId\":99,\"columnName\":\"dept_id\",\"columnType\":\"bigint\",\"createBy\":\"admin\",\"createTime\":\"2024-04-26 15:17:33\",\"dictType\":\"\",\"edit\":false,\"htmlType\":\"input\",\"increment\":true,\"insert\":true,\"isIncrement\":\"1\",\"isInsert\":\"1\",\"isPk\":\"1\",\"isRequired\":\"0\",\"javaField\":\"deptId\",\"javaType\":\"Long\",\"list\":false,\"params\":{},\"pk\":true,\"query\":false,\"queryType\":\"EQ\",\"required\":false,\"sort\":1,\"superColumn\":false,\"tableId\":10,\"updateBy\":\"\",\"usableColumn\":false},{\"capJavaField\":\"ParentId\",\"columnComment\":\"父部门id\",\"columnId\":100,\"columnName\":\"parent_id\",\"columnType\":\"bigint\",\"createBy\":\"admin\",\"createTime\":\"2024-04-26 15:17:33\",\"dictType\":\"\",\"edit\":true,\"htmlType\":\"input\",\"increment\":false,\"insert\":true,\"isEdit\":\"1\",\"isIncrement\":\"0\",\"isInsert\":\"1\",\"isList\":\"1\",\"isPk\":\"0\",\"isQuery\":\"1\",\"isRequired\":\"0\",\"javaField\":\"parentId\",\"javaType\":\"Long\",\"list\":true,\"params\":{},\"pk\":false,\"query\":true,\"queryType\":\"EQ\",\"required\":false,\"sort\":2,\"superColumn\":true,\"tableId\":10,\"updateBy\":\"\",\"usableColumn\":true},{\"capJavaField\":\"Ancestors\",\"columnComment\":\"祖级列表\",\"columnId\":101,\"columnName\":\"ancestors\",\"columnType\":\"varchar(50)\",\"createBy\":\"admin\",\"createTime\":\"2024-04-26 15:17:33\",\"dictType\":\"\",\"edit\":true,\"htmlType\":\"input\",\"increment\":false,\"insert\":true,\"isEdit\":\"1\",\"isIncrement\":\"0\",\"isInsert\":\"1\",\"isList\":\"1\",\"isPk\":\"0\",\"isQuery\":\"1\",\"isRequired\":\"0\",\"javaField\":\"ancestors\",\"javaType\":\"String\",\"list\":true,\"params\":{},\"pk\":false,\"query\":true,\"queryType\":\"EQ\",\"required\":false,\"sort\":3,\"superColumn\":true,\"tableId\":10,\"updateBy\":\"\",\"usableColumn\":false},{\"capJavaField\":\"DeptName\",\"columnComment\":\"部门名称\",\"columnId\":102,\"columnName\":\"dept_name\",\"columnType\":\"varchar(30)\",\"createBy\":\"admin\",\"createTime\":\"2024-04-26 15:17:33\",\"dictType\":\"\",\"edit\":true,\"htmlType\":\"input\",\"increment\":false,\"insert\":true,\"isEdit\":\"1\",\"isIncrement\":\"0\",\"isInsert\":\"1\",\"isList\":\"1\",\"isPk\":\"0\",\"isQuery\":\"1\",\"isRequired\":\"0\"','{\"msg\":\"操作成功\",\"code\":200}',0,NULL,'2024-04-26 15:20:39',40),(38,'菜单管理',2,'com.ruoyi.web.controller.system.SysMenuController.edit()','PUT',1,'admin','研发部门','/system/menu','127.0.0.1','内网IP','{\"children\":[],\"component\":\"course/course/index\",\"createTime\":\"2024-04-23 11:24:08\",\"icon\":\"#\",\"isCache\":\"0\",\"isFrame\":\"1\",\"menuId\":2006,\"menuName\":\"课程管理\",\"menuType\":\"C\",\"orderNum\":1,\"params\":{},\"parentId\":0,\"path\":\"course\",\"perms\":\"\",\"status\":\"0\",\"updateBy\":\"admin\",\"visible\":\"0\"}','{\"msg\":\"操作成功\",\"code\":200}',0,NULL,'2024-04-28 13:59:45',15),(39,'菜单管理',2,'com.ruoyi.web.controller.system.SysMenuController.edit()','PUT',1,'admin','研发部门','/system/menu','127.0.0.1','内网IP','{\"children\":[],\"component\":\"course/course/index\",\"createTime\":\"2024-04-23 11:24:08\",\"icon\":\"#\",\"isCache\":\"0\",\"isFrame\":\"1\",\"menuId\":2006,\"menuName\":\"课程管理\",\"menuType\":\"C\",\"orderNum\":1,\"params\":{},\"parentId\":0,\"path\":\"course\",\"perms\":\"course:course:list\",\"status\":\"0\",\"updateBy\":\"admin\",\"visible\":\"0\"}','{\"msg\":\"操作成功\",\"code\":200}',0,NULL,'2024-04-28 14:00:38',10),(40,'菜单管理',2,'com.ruoyi.web.controller.system.SysMenuController.edit()','PUT',1,'admin','研发部门','/system/menu','127.0.0.1','内网IP','{\"children\":[],\"component\":\"course/course/add\",\"createTime\":\"2024-04-26 11:00:29\",\"icon\":\"build\",\"isCache\":\"0\",\"isFrame\":\"1\",\"menuId\":2020,\"menuName\":\"添加课程\",\"menuType\":\"C\",\"orderNum\":1,\"params\":{},\"parentId\":0,\"path\":\"course/add\",\"perms\":\"\",\"status\":\"0\",\"updateBy\":\"admin\",\"visible\":\"1\"}','{\"msg\":\"操作成功\",\"code\":200}',0,NULL,'2024-04-28 16:46:38',8),(41,'通知公告',1,'com.ruoyi.web.controller.system.SysNoticeController.add()','POST',1,'admin','研发部门','/system/notice','127.0.0.1','内网IP','{\"createBy\":\"admin\",\"noticeContent\":\"<p>文本，图片，超链接，音频》。。</p>\",\"noticeTitle\":\"若依专题发布了\",\"noticeType\":\"2\",\"params\":{},\"status\":\"0\"}','{\"msg\":\"操作成功\",\"code\":200}',0,NULL,'2024-04-28 17:39:36',13),(42,'通知公告',3,'com.ruoyi.web.controller.system.SysNoticeController.remove()','DELETE',1,'admin','研发部门','/system/notice/10','127.0.0.1','内网IP','{}','{\"msg\":\"操作成功\",\"code\":200}',0,NULL,'2024-04-28 18:04:48',10),(43,'通知公告',1,'com.ruoyi.web.controller.system.SysNoticeController.add()','POST',1,'admin','研发部门','/system/notice','127.0.0.1','内网IP','{\"createBy\":\"admin\",\"noticeContent\":\"<p><img src=\\\"/dev-api/profile/upload/2024/04/28/InsertPic_(04-28-17-15-03)_20240428180804A001.jpg\\\"></p>\",\"noticeTitle\":\"劳动节放假通知\",\"noticeType\":\"1\",\"params\":{},\"status\":\"0\"}','{\"msg\":\"操作成功\",\"code\":200}',0,NULL,'2024-04-28 18:08:06',4),(44,'菜单管理',3,'com.ruoyi.web.controller.system.SysMenuController.remove()','DELETE',1,'admin','研发部门','/system/menu/2017','127.0.0.1','内网IP','{}','{\"msg\":\"菜单已分配,不允许删除\",\"code\":601}',0,NULL,'2024-04-28 20:04:41',5),(45,'用户管理',3,'com.ruoyi.web.controller.system.SysUserController.remove()','DELETE',1,'admin','研发部门','/system/user/101','127.0.0.1','内网IP','{}','{\"msg\":\"操作成功\",\"code\":200}',0,NULL,'2024-04-28 20:04:49',27),(46,'角色管理',3,'com.ruoyi.web.controller.system.SysRoleController.remove()','DELETE',1,'admin','研发部门','/system/role/101','127.0.0.1','内网IP','{}','{\"msg\":\"操作成功\",\"code\":200}',0,NULL,'2024-04-28 20:04:54',25),(47,'菜单管理',2,'com.ruoyi.web.controller.system.SysMenuController.edit()','PUT',1,'admin','研发部门','/system/menu','127.0.0.1','内网IP','{\"children\":[],\"createTime\":\"2024-04-24 15:27:55\",\"icon\":\"dashboard\",\"isCache\":\"0\",\"isFrame\":\"1\",\"menuId\":2016,\"menuName\":\"统计分析\",\"menuType\":\"M\",\"orderNum\":1,\"params\":{},\"parentId\":2016,\"path\":\"statistics\",\"perms\":\"\",\"status\":\"0\",\"visible\":\"0\"}','{\"msg\":\"修改菜单\'统计分析\'失败，上级菜单不能选择自己\",\"code\":500}',0,NULL,'2024-04-28 20:05:20',11),(48,'菜单管理',2,'com.ruoyi.web.controller.system.SysMenuController.edit()','PUT',1,'admin','研发部门','/system/menu','127.0.0.1','内网IP','{\"children\":[],\"component\":\"course/course/add\",\"createTime\":\"2024-04-26 11:00:29\",\"icon\":\"build\",\"isCache\":\"0\",\"isFrame\":\"1\",\"menuId\":2020,\"menuName\":\"添加课程\",\"menuType\":\"C\",\"orderNum\":1,\"params\":{},\"parentId\":2,\"path\":\"course/add\",\"perms\":\"\",\"status\":\"0\",\"updateBy\":\"admin\",\"visible\":\"1\"}','{\"msg\":\"操作成功\",\"code\":200}',0,NULL,'2024-04-28 20:05:34',9),(49,'菜单管理',3,'com.ruoyi.web.controller.system.SysMenuController.remove()','DELETE',1,'admin','研发部门','/system/menu/2017','127.0.0.1','内网IP','{}','{\"msg\":\"操作成功\",\"code\":200}',0,NULL,'2024-04-28 20:05:37',7),(50,'菜单管理',3,'com.ruoyi.web.controller.system.SysMenuController.remove()','DELETE',1,'admin','研发部门','/system/menu/2016','127.0.0.1','内网IP','{}','{\"msg\":\"操作成功\",\"code\":200}',0,NULL,'2024-04-28 20:05:40',6),(51,'菜单管理',2,'com.ruoyi.web.controller.system.SysMenuController.edit()','PUT',1,'admin','研发部门','/system/menu','127.0.0.1','内网IP','{\"children\":[],\"component\":\"course/course/index\",\"createTime\":\"2024-04-23 11:24:08\",\"icon\":\"#\",\"isCache\":\"0\",\"isFrame\":\"1\",\"menuId\":2006,\"menuName\":\"课程管理\",\"menuType\":\"C\",\"orderNum\":1,\"params\":{},\"parentId\":3,\"path\":\"course\",\"perms\":\"course:course:list\",\"status\":\"0\",\"updateBy\":\"admin\",\"visible\":\"0\"}','{\"msg\":\"操作成功\",\"code\":200}',0,NULL,'2024-04-28 20:05:49',8),(52,'菜单管理',1,'com.ruoyi.web.controller.system.SysMenuController.add()','POST',1,'admin','研发部门','/system/menu','127.0.0.1','内网IP','{\"children\":[],\"createBy\":\"admin\",\"icon\":\"dashboard\",\"isCache\":\"0\",\"isFrame\":\"1\",\"menuName\":\"统计分析\",\"menuType\":\"M\",\"orderNum\":1,\"params\":{},\"parentId\":0,\"path\":\"statistics\",\"status\":\"0\",\"visible\":\"0\"}','{\"msg\":\"操作成功\",\"code\":200}',0,NULL,'2024-04-28 22:00:15',10),(53,'菜单管理',1,'com.ruoyi.web.controller.system.SysMenuController.add()','POST',1,'admin','研发部门','/system/menu','127.0.0.1','内网IP','{\"children\":[],\"createBy\":\"admin\",\"icon\":\"button\",\"isCache\":\"0\",\"isFrame\":\"1\",\"menuName\":\"课程统计\",\"menuType\":\"C\",\"orderNum\":1,\"params\":{},\"parentId\":2033,\"path\":\"course\",\"status\":\"0\",\"visible\":\"0\"}','{\"msg\":\"操作成功\",\"code\":200}',0,NULL,'2024-04-28 22:01:33',10),(54,'菜单管理',2,'com.ruoyi.web.controller.system.SysMenuController.edit()','PUT',1,'admin','研发部门','/system/menu','127.0.0.1','内网IP','{\"children\":[],\"component\":\"course/course/index\",\"createTime\":\"2024-04-23 11:24:08\",\"icon\":\"#\",\"isCache\":\"0\",\"isFrame\":\"1\",\"menuId\":2006,\"menuName\":\"课程管理\",\"menuType\":\"C\",\"orderNum\":1,\"params\":{},\"parentId\":0,\"path\":\"course\",\"perms\":\"course:course:list\",\"status\":\"0\",\"updateBy\":\"admin\",\"visible\":\"0\"}','{\"msg\":\"操作成功\",\"code\":200}',0,NULL,'2024-04-28 22:02:15',15),(55,'菜单管理',2,'com.ruoyi.web.controller.system.SysMenuController.edit()','PUT',1,'admin','研发部门','/system/menu','127.0.0.1','内网IP','{\"children\":[],\"component\":\"course/course/index\",\"createTime\":\"2024-04-23 11:24:08\",\"icon\":\"#\",\"isCache\":\"0\",\"isFrame\":\"1\",\"menuId\":2006,\"menuName\":\"课程管理\",\"menuType\":\"C\",\"orderNum\":1,\"params\":{},\"parentId\":0,\"path\":\"course\",\"perms\":\"course:course:list\",\"status\":\"0\",\"updateBy\":\"admin\",\"visible\":\"0\"}','{\"msg\":\"操作成功\",\"code\":200}',0,NULL,'2024-04-28 22:03:25',6),(56,'菜单管理',2,'com.ruoyi.web.controller.system.SysMenuController.edit()','PUT',1,'admin','研发部门','/system/menu','127.0.0.1','内网IP','{\"children\":[],\"component\":\"course/course/index\",\"createTime\":\"2024-04-23 11:24:08\",\"icon\":\"#\",\"isCache\":\"0\",\"isFrame\":\"1\",\"menuId\":2006,\"menuName\":\"课程管理\",\"menuType\":\"C\",\"orderNum\":1,\"params\":{},\"parentId\":3,\"path\":\"course\",\"perms\":\"course:course:list\",\"status\":\"0\",\"updateBy\":\"admin\",\"visible\":\"0\"}','{\"msg\":\"操作成功\",\"code\":200}',0,NULL,'2024-04-28 22:04:26',7),(57,'菜单管理',2,'com.ruoyi.web.controller.system.SysMenuController.edit()','PUT',1,'admin','研发部门','/system/menu','127.0.0.1','内网IP','{\"children\":[],\"component\":\"course/course/index\",\"createTime\":\"2024-04-23 11:24:08\",\"icon\":\"#\",\"isCache\":\"0\",\"isFrame\":\"1\",\"menuId\":2006,\"menuName\":\"课程管理\",\"menuType\":\"C\",\"orderNum\":1,\"params\":{},\"parentId\":0,\"path\":\"course\",\"perms\":\"course:course:list\",\"status\":\"0\",\"updateBy\":\"admin\",\"visible\":\"0\"}','{\"msg\":\"操作成功\",\"code\":200}',0,NULL,'2024-04-28 22:05:02',6),(58,'菜单管理',2,'com.ruoyi.web.controller.system.SysMenuController.edit()','PUT',1,'admin','研发部门','/system/menu','127.0.0.1','内网IP','{\"children\":[],\"createTime\":\"2024-04-28 22:01:33\",\"icon\":\"button\",\"isCache\":\"0\",\"isFrame\":\"1\",\"menuId\":2034,\"menuName\":\"课程统计\",\"menuType\":\"C\",\"orderNum\":1,\"params\":{},\"parentId\":2033,\"path\":\"aaa\",\"perms\":\"\",\"status\":\"0\",\"updateBy\":\"admin\",\"visible\":\"0\"}','{\"msg\":\"操作成功\",\"code\":200}',0,NULL,'2024-04-28 22:09:43',7),(59,'菜单管理',2,'com.ruoyi.web.controller.system.SysMenuController.edit()','PUT',1,'admin','研发部门','/system/menu','127.0.0.1','内网IP','{\"children\":[],\"component\":\"course/course/index\",\"createTime\":\"2024-04-23 11:24:08\",\"icon\":\"#\",\"isCache\":\"0\",\"isFrame\":\"1\",\"menuId\":2006,\"menuName\":\"课程管理\",\"menuType\":\"C\",\"orderNum\":1,\"params\":{},\"parentId\":3,\"path\":\"course\",\"perms\":\"course:course:list\",\"status\":\"0\",\"updateBy\":\"admin\",\"visible\":\"0\"}','{\"msg\":\"操作成功\",\"code\":200}',0,NULL,'2024-04-28 22:10:08',8),(60,'菜单管理',3,'com.ruoyi.web.controller.system.SysMenuController.remove()','DELETE',1,'admin','研发部门','/system/menu/2034','127.0.0.1','内网IP','{}','{\"msg\":\"操作成功\",\"code\":200}',0,NULL,'2024-04-28 22:14:01',7),(61,'菜单管理',3,'com.ruoyi.web.controller.system.SysMenuController.remove()','DELETE',1,'admin','研发部门','/system/menu/2033','127.0.0.1','内网IP','{}','{\"msg\":\"操作成功\",\"code\":200}',0,NULL,'2024-04-28 22:14:04',8),(62,'菜单管理',1,'com.ruoyi.web.controller.system.SysMenuController.add()','POST',1,'admin','研发部门','/system/menu','127.0.0.1','内网IP','{\"children\":[],\"createBy\":\"admin\",\"icon\":\"dashboard\",\"isCache\":\"0\",\"isFrame\":\"1\",\"menuName\":\"统计分析\",\"menuType\":\"M\",\"orderNum\":1,\"params\":{},\"parentId\":0,\"path\":\"statistics\",\"status\":\"0\",\"visible\":\"0\"}','{\"msg\":\"操作成功\",\"code\":200}',0,NULL,'2024-04-28 22:22:03',7),(63,'菜单管理',1,'com.ruoyi.web.controller.system.SysMenuController.add()','POST',1,'admin','研发部门','/system/menu','127.0.0.1','内网IP','{\"children\":[],\"createBy\":\"admin\",\"icon\":\"cascader\",\"isCache\":\"0\",\"isFrame\":\"1\",\"menuName\":\"客户统计\",\"menuType\":\"C\",\"orderNum\":1,\"params\":{},\"parentId\":2035,\"path\":\"customer\",\"status\":\"0\",\"visible\":\"0\"}','{\"msg\":\"操作成功\",\"code\":200}',0,NULL,'2024-04-28 22:23:28',11),(64,'菜单管理',2,'com.ruoyi.web.controller.system.SysMenuController.edit()','PUT',1,'admin','研发部门','/system/menu','127.0.0.1','内网IP','{\"children\":[],\"component\":\"course/course/index\",\"createTime\":\"2024-04-23 11:24:08\",\"icon\":\"#\",\"isCache\":\"0\",\"isFrame\":\"1\",\"menuId\":2006,\"menuName\":\"课程管理\",\"menuType\":\"C\",\"orderNum\":1,\"params\":{},\"parentId\":0,\"path\":\"course\",\"perms\":\"course:course:list\",\"status\":\"0\",\"updateBy\":\"admin\",\"visible\":\"0\"}','{\"msg\":\"操作成功\",\"code\":200}',0,NULL,'2024-04-28 22:24:13',7),(65,'角色管理',1,'com.ruoyi.web.controller.system.SysRoleController.add()','POST',1,'admin','研发部门','/system/role','127.0.0.1','内网IP','{\"admin\":false,\"createBy\":\"admin\",\"deptCheckStrictly\":true,\"deptIds\":[],\"flag\":false,\"menuCheckStrictly\":true,\"menuIds\":[2006,2007,2008,2009,2010,2011,2035,2036],\"params\":{},\"roleId\":102,\"roleKey\":\"research\",\"roleName\":\"课研人员\",\"roleSort\":3,\"status\":\"0\"}','{\"msg\":\"操作成功\",\"code\":200}',0,NULL,'2024-04-28 22:25:42',25),(66,'用户管理',1,'com.ruoyi.web.controller.system.SysUserController.add()','POST',1,'admin','研发部门','/system/user','127.0.0.1','内网IP','{\"admin\":false,\"createBy\":\"admin\",\"nickName\":\"小智\",\"params\":{},\"postIds\":[],\"roleIds\":[102],\"status\":\"0\",\"userId\":102,\"userName\":\"xiaozhi\"}','{\"msg\":\"操作成功\",\"code\":200}',0,NULL,'2024-04-28 22:26:38',83),(67,'参数管理',2,'com.ruoyi.web.controller.system.SysConfigController.edit()','PUT',1,'admin','研发部门','/system/config','127.0.0.1','内网IP','{\"configId\":4,\"configKey\":\"sys.account.captchaEnabled\",\"configName\":\"账号自助-验证码开关\",\"configType\":\"Y\",\"configValue\":\"true\",\"createBy\":\"admin\",\"createTime\":\"2024-04-22 22:59:49\",\"params\":{},\"remark\":\"是否开启验证码功能（true开启，false关闭）\",\"updateBy\":\"admin\",\"updateTime\":\"2024-04-25 10:21:06\"}','{\"msg\":\"操作成功\",\"code\":200}',0,NULL,'2024-04-28 22:27:26',11),(68,'代码生成',6,'com.ruoyi.generator.controller.GenController.importTableSave()','POST',1,'admin','研发部门','/tool/gen/importTable','127.0.0.1','内网IP','{\"tables\":\"tb_dish,tb_dish_flavor\"}','{\"msg\":\"操作成功\",\"code\":200}',0,NULL,'2024-04-29 15:19:57',106),(69,'代码生成',2,'com.ruoyi.generator.controller.GenController.editSave()','PUT',1,'admin','研发部门','/tool/gen','127.0.0.1','内网IP','{\"businessName\":\"dish\",\"className\":\"Dish\",\"columns\":[{\"capJavaField\":\"Id\",\"columnComment\":\"主键\",\"columnId\":113,\"columnName\":\"id\",\"columnType\":\"bigint\",\"createBy\":\"admin\",\"createTime\":\"2024-04-29 15:19:57\",\"dictType\":\"\",\"edit\":false,\"htmlType\":\"input\",\"increment\":true,\"insert\":false,\"isIncrement\":\"1\",\"isInsert\":\"0\",\"isPk\":\"1\",\"isRequired\":\"0\",\"javaField\":\"id\",\"javaType\":\"Long\",\"list\":false,\"params\":{},\"pk\":true,\"query\":false,\"queryType\":\"EQ\",\"required\":false,\"sort\":1,\"superColumn\":false,\"tableId\":11,\"updateBy\":\"\",\"usableColumn\":false},{\"capJavaField\":\"Name\",\"columnComment\":\"菜品名称\",\"columnId\":114,\"columnName\":\"name\",\"columnType\":\"varchar(32)\",\"createBy\":\"admin\",\"createTime\":\"2024-04-29 15:19:57\",\"dictType\":\"\",\"edit\":true,\"htmlType\":\"input\",\"increment\":false,\"insert\":true,\"isEdit\":\"1\",\"isIncrement\":\"0\",\"isInsert\":\"1\",\"isList\":\"1\",\"isPk\":\"0\",\"isQuery\":\"1\",\"isRequired\":\"1\",\"javaField\":\"name\",\"javaType\":\"String\",\"list\":true,\"params\":{},\"pk\":false,\"query\":true,\"queryType\":\"LIKE\",\"required\":true,\"sort\":2,\"superColumn\":false,\"tableId\":11,\"updateBy\":\"\",\"usableColumn\":false},{\"capJavaField\":\"Price\",\"columnComment\":\"菜品价格\",\"columnId\":115,\"columnName\":\"price\",\"columnType\":\"decimal(10,2)\",\"createBy\":\"admin\",\"createTime\":\"2024-04-29 15:19:57\",\"dictType\":\"\",\"edit\":true,\"htmlType\":\"input\",\"increment\":false,\"insert\":true,\"isEdit\":\"1\",\"isIncrement\":\"0\",\"isInsert\":\"1\",\"isList\":\"1\",\"isPk\":\"0\",\"isQuery\":\"1\",\"isRequired\":\"0\",\"javaField\":\"price\",\"javaType\":\"BigDecimal\",\"list\":true,\"params\":{},\"pk\":false,\"query\":true,\"queryType\":\"EQ\",\"required\":false,\"sort\":3,\"superColumn\":false,\"tableId\":11,\"updateBy\":\"\",\"usableColumn\":false},{\"capJavaField\":\"Image\",\"columnComment\":\"图片\",\"columnId\":116,\"columnName\":\"image\",\"columnType\":\"varchar(255)\",\"createBy\":\"admin\",\"createTime\":\"2024-04-29 15:19:57\",\"dictType\":\"\",\"edit\":true,\"htmlType\":\"imageUpload\",\"increment\":false,\"insert\":true,\"isEdit\":\"1\",\"isIncrement\":\"0\",\"isInsert\":\"1\",\"isList\":\"1\",\"isPk\":\"0\",\"isQuery\":\"1\",\"isRequired\":\"0\",\"javaField\":\"image\",\"javaT','{\"msg\":\"操作成功\",\"code\":200}',0,NULL,'2024-04-29 15:20:50',36),(70,'字典类型',1,'com.ruoyi.web.controller.system.SysDictTypeController.add()','POST',1,'admin','研发部门','/system/dict/type','127.0.0.1','内网IP','{\"createBy\":\"admin\",\"dictName\":\"菜品状态\",\"dictType\":\"dish_status\",\"params\":{},\"status\":\"0\"}','{\"msg\":\"操作成功\",\"code\":200}',0,NULL,'2024-04-29 15:21:09',9),(71,'字典数据',1,'com.ruoyi.web.controller.system.SysDictDataController.add()','POST',1,'admin','研发部门','/system/dict/data','127.0.0.1','内网IP','{\"createBy\":\"admin\",\"default\":false,\"dictLabel\":\"停售\",\"dictSort\":1,\"dictType\":\"dish_status\",\"dictValue\":\"0\",\"listClass\":\"default\",\"params\":{},\"status\":\"0\"}','{\"msg\":\"操作成功\",\"code\":200}',0,NULL,'2024-04-29 15:21:47',10),(72,'字典数据',1,'com.ruoyi.web.controller.system.SysDictDataController.add()','POST',1,'admin','研发部门','/system/dict/data','127.0.0.1','内网IP','{\"createBy\":\"admin\",\"default\":false,\"dictLabel\":\"起售\",\"dictSort\":2,\"dictType\":\"dish_status\",\"dictValue\":\"1\",\"listClass\":\"default\",\"params\":{},\"status\":\"0\"}','{\"msg\":\"操作成功\",\"code\":200}',0,NULL,'2024-04-29 15:22:02',9),(73,'代码生成',2,'com.ruoyi.generator.controller.GenController.editSave()','PUT',1,'admin','研发部门','/tool/gen','127.0.0.1','内网IP','{\"businessName\":\"dish\",\"className\":\"Dish\",\"columns\":[{\"capJavaField\":\"Id\",\"columnComment\":\"主键\",\"columnId\":113,\"columnName\":\"id\",\"columnType\":\"bigint\",\"createBy\":\"admin\",\"createTime\":\"2024-04-29 15:19:57\",\"dictType\":\"\",\"edit\":false,\"htmlType\":\"input\",\"increment\":true,\"insert\":false,\"isIncrement\":\"1\",\"isInsert\":\"0\",\"isPk\":\"1\",\"isRequired\":\"0\",\"javaField\":\"id\",\"javaType\":\"Long\",\"list\":false,\"params\":{},\"pk\":true,\"query\":false,\"queryType\":\"EQ\",\"required\":false,\"sort\":1,\"superColumn\":false,\"tableId\":11,\"updateBy\":\"\",\"updateTime\":\"2024-04-29 15:20:50\",\"usableColumn\":false},{\"capJavaField\":\"Name\",\"columnComment\":\"菜品名称\",\"columnId\":114,\"columnName\":\"name\",\"columnType\":\"varchar(32)\",\"createBy\":\"admin\",\"createTime\":\"2024-04-29 15:19:57\",\"dictType\":\"\",\"edit\":true,\"htmlType\":\"input\",\"increment\":false,\"insert\":true,\"isEdit\":\"1\",\"isIncrement\":\"0\",\"isInsert\":\"1\",\"isList\":\"1\",\"isPk\":\"0\",\"isQuery\":\"1\",\"isRequired\":\"1\",\"javaField\":\"name\",\"javaType\":\"String\",\"list\":true,\"params\":{},\"pk\":false,\"query\":true,\"queryType\":\"LIKE\",\"required\":true,\"sort\":2,\"superColumn\":false,\"tableId\":11,\"updateBy\":\"\",\"updateTime\":\"2024-04-29 15:20:50\",\"usableColumn\":false},{\"capJavaField\":\"Price\",\"columnComment\":\"菜品价格\",\"columnId\":115,\"columnName\":\"price\",\"columnType\":\"decimal(10,2)\",\"createBy\":\"admin\",\"createTime\":\"2024-04-29 15:19:57\",\"dictType\":\"\",\"edit\":true,\"htmlType\":\"input\",\"increment\":false,\"insert\":true,\"isEdit\":\"1\",\"isIncrement\":\"0\",\"isInsert\":\"1\",\"isList\":\"1\",\"isPk\":\"0\",\"isQuery\":\"0\",\"isRequired\":\"1\",\"javaField\":\"price\",\"javaType\":\"BigDecimal\",\"list\":true,\"params\":{},\"pk\":false,\"query\":false,\"queryType\":\"EQ\",\"required\":true,\"sort\":3,\"superColumn\":false,\"tableId\":11,\"updateBy\":\"\",\"updateTime\":\"2024-04-29 15:20:50\",\"usableColumn\":false},{\"capJavaField\":\"Image\",\"columnComment\":\"图片\",\"columnId\":116,\"columnName\":\"image\",\"columnType\":\"varchar(255)\",\"createBy\":\"admin\",\"createTime\":\"2024-04-29 15:19:57\",\"dictType\":\"\",\"edit\":true,\"htmlType\":\"imageUpload\",\"increment\":false,\"insert\":true,\"isEdit\":\"1\",\"isIncrem','{\"msg\":\"操作成功\",\"code\":200}',0,NULL,'2024-04-29 15:25:21',27),(74,'代码生成',2,'com.ruoyi.generator.controller.GenController.editSave()','PUT',1,'admin','研发部门','/tool/gen','127.0.0.1','内网IP','{\"businessName\":\"dish\",\"className\":\"Dish\",\"columns\":[{\"capJavaField\":\"Id\",\"columnComment\":\"主键\",\"columnId\":113,\"columnName\":\"id\",\"columnType\":\"bigint\",\"createBy\":\"admin\",\"createTime\":\"2024-04-29 15:19:57\",\"dictType\":\"\",\"edit\":false,\"htmlType\":\"input\",\"increment\":true,\"insert\":false,\"isIncrement\":\"1\",\"isInsert\":\"0\",\"isPk\":\"1\",\"isRequired\":\"0\",\"javaField\":\"id\",\"javaType\":\"Long\",\"list\":false,\"params\":{},\"pk\":true,\"query\":false,\"queryType\":\"EQ\",\"required\":false,\"sort\":1,\"superColumn\":false,\"tableId\":11,\"updateBy\":\"\",\"updateTime\":\"2024-04-29 15:25:21\",\"usableColumn\":false},{\"capJavaField\":\"Name\",\"columnComment\":\"菜品名称\",\"columnId\":114,\"columnName\":\"name\",\"columnType\":\"varchar(32)\",\"createBy\":\"admin\",\"createTime\":\"2024-04-29 15:19:57\",\"dictType\":\"\",\"edit\":true,\"htmlType\":\"input\",\"increment\":false,\"insert\":true,\"isEdit\":\"1\",\"isIncrement\":\"0\",\"isInsert\":\"1\",\"isList\":\"1\",\"isPk\":\"0\",\"isQuery\":\"1\",\"isRequired\":\"1\",\"javaField\":\"name\",\"javaType\":\"String\",\"list\":true,\"params\":{},\"pk\":false,\"query\":true,\"queryType\":\"LIKE\",\"required\":true,\"sort\":2,\"superColumn\":false,\"tableId\":11,\"updateBy\":\"\",\"updateTime\":\"2024-04-29 15:25:21\",\"usableColumn\":false},{\"capJavaField\":\"Price\",\"columnComment\":\"菜品价格\",\"columnId\":115,\"columnName\":\"price\",\"columnType\":\"decimal(10,2)\",\"createBy\":\"admin\",\"createTime\":\"2024-04-29 15:19:57\",\"dictType\":\"\",\"edit\":true,\"htmlType\":\"input\",\"increment\":false,\"insert\":true,\"isEdit\":\"1\",\"isIncrement\":\"0\",\"isInsert\":\"1\",\"isList\":\"1\",\"isPk\":\"0\",\"isQuery\":\"0\",\"isRequired\":\"1\",\"javaField\":\"price\",\"javaType\":\"BigDecimal\",\"list\":true,\"params\":{},\"pk\":false,\"query\":false,\"queryType\":\"EQ\",\"required\":true,\"sort\":3,\"superColumn\":false,\"tableId\":11,\"updateBy\":\"\",\"updateTime\":\"2024-04-29 15:25:21\",\"usableColumn\":false},{\"capJavaField\":\"Image\",\"columnComment\":\"图片\",\"columnId\":116,\"columnName\":\"image\",\"columnType\":\"varchar(255)\",\"createBy\":\"admin\",\"createTime\":\"2024-04-29 15:19:57\",\"dictType\":\"\",\"edit\":true,\"htmlType\":\"imageUpload\",\"increment\":false,\"insert\":true,\"isEdit\":\"1\",\"isIncrem','{\"msg\":\"操作成功\",\"code\":200}',0,NULL,'2024-04-29 15:31:18',29),(75,'菜单管理',1,'com.ruoyi.web.controller.system.SysMenuController.add()','POST',1,'admin','研发部门','/system/menu','127.0.0.1','内网IP','{\"children\":[],\"createBy\":\"admin\",\"isCache\":\"0\",\"isFrame\":\"1\",\"menuName\":\"商家管理\",\"menuType\":\"M\",\"orderNum\":1,\"params\":{},\"parentId\":0,\"path\":\"sky\",\"status\":\"0\",\"visible\":\"0\"}','{\"msg\":\"操作成功\",\"code\":200}',0,NULL,'2024-04-29 15:33:05',14),(76,'菜单管理',2,'com.ruoyi.web.controller.system.SysMenuController.edit()','PUT',1,'admin','研发部门','/system/menu','127.0.0.1','内网IP','{\"children\":[],\"createTime\":\"2024-04-29 15:33:05\",\"icon\":\"#\",\"isCache\":\"0\",\"isFrame\":\"1\",\"menuId\":2037,\"menuName\":\"商家管理\",\"menuType\":\"M\",\"orderNum\":1,\"params\":{},\"parentId\":0,\"path\":\"merchant\",\"perms\":\"\",\"status\":\"0\",\"updateBy\":\"admin\",\"visible\":\"0\"}','{\"msg\":\"操作成功\",\"code\":200}',0,NULL,'2024-04-29 15:46:57',15),(77,'代码生成',2,'com.ruoyi.generator.controller.GenController.editSave()','PUT',1,'admin','研发部门','/tool/gen','127.0.0.1','内网IP','{\"businessName\":\"dish\",\"className\":\"Dish\",\"columns\":[{\"capJavaField\":\"Id\",\"columnComment\":\"主键\",\"columnId\":113,\"columnName\":\"id\",\"columnType\":\"bigint\",\"createBy\":\"admin\",\"createTime\":\"2024-04-29 15:19:57\",\"dictType\":\"\",\"edit\":false,\"htmlType\":\"input\",\"increment\":true,\"insert\":false,\"isIncrement\":\"1\",\"isInsert\":\"0\",\"isPk\":\"1\",\"isRequired\":\"0\",\"javaField\":\"id\",\"javaType\":\"Long\",\"list\":false,\"params\":{},\"pk\":true,\"query\":false,\"queryType\":\"EQ\",\"required\":false,\"sort\":1,\"superColumn\":false,\"tableId\":11,\"updateBy\":\"\",\"updateTime\":\"2024-04-29 15:31:18\",\"usableColumn\":false},{\"capJavaField\":\"Name\",\"columnComment\":\"菜品名称\",\"columnId\":114,\"columnName\":\"name\",\"columnType\":\"varchar(32)\",\"createBy\":\"admin\",\"createTime\":\"2024-04-29 15:19:57\",\"dictType\":\"\",\"edit\":true,\"htmlType\":\"input\",\"increment\":false,\"insert\":true,\"isEdit\":\"1\",\"isIncrement\":\"0\",\"isInsert\":\"1\",\"isList\":\"1\",\"isPk\":\"0\",\"isQuery\":\"1\",\"isRequired\":\"1\",\"javaField\":\"name\",\"javaType\":\"String\",\"list\":true,\"params\":{},\"pk\":false,\"query\":true,\"queryType\":\"LIKE\",\"required\":true,\"sort\":2,\"superColumn\":false,\"tableId\":11,\"updateBy\":\"\",\"updateTime\":\"2024-04-29 15:31:18\",\"usableColumn\":false},{\"capJavaField\":\"Price\",\"columnComment\":\"菜品价格\",\"columnId\":115,\"columnName\":\"price\",\"columnType\":\"decimal(10,2)\",\"createBy\":\"admin\",\"createTime\":\"2024-04-29 15:19:57\",\"dictType\":\"\",\"edit\":true,\"htmlType\":\"input\",\"increment\":false,\"insert\":true,\"isEdit\":\"1\",\"isIncrement\":\"0\",\"isInsert\":\"1\",\"isList\":\"1\",\"isPk\":\"0\",\"isQuery\":\"0\",\"isRequired\":\"1\",\"javaField\":\"price\",\"javaType\":\"BigDecimal\",\"list\":true,\"params\":{},\"pk\":false,\"query\":false,\"queryType\":\"EQ\",\"required\":true,\"sort\":3,\"superColumn\":false,\"tableId\":11,\"updateBy\":\"\",\"updateTime\":\"2024-04-29 15:31:18\",\"usableColumn\":false},{\"capJavaField\":\"Image\",\"columnComment\":\"图片\",\"columnId\":116,\"columnName\":\"image\",\"columnType\":\"varchar(255)\",\"createBy\":\"admin\",\"createTime\":\"2024-04-29 15:19:57\",\"dictType\":\"\",\"edit\":true,\"htmlType\":\"imageUpload\",\"increment\":false,\"insert\":true,\"isEdit\":\"1\",\"isIncrem','{\"msg\":\"操作成功\",\"code\":200}',0,NULL,'2024-04-29 15:47:26',28),(78,'代码生成',8,'com.ruoyi.generator.controller.GenController.batchGenCode()','GET',1,'admin','研发部门','/tool/gen/batchGenCode','127.0.0.1','内网IP','{\"tables\":\"tb_dish\"}',NULL,0,NULL,'2024-04-29 15:52:09',125),(79,'代码生成',8,'com.ruoyi.generator.controller.GenController.batchGenCode()','GET',1,'admin','研发部门','/tool/gen/batchGenCode','127.0.0.1','内网IP','{\"tables\":\"tb_dish\"}',NULL,0,NULL,'2024-04-29 15:52:30',115),(80,'字典类型',1,'com.ruoyi.web.controller.system.SysDictTypeController.add()','POST',1,'admin','研发部门','/system/dict/type','127.0.0.1','内网IP','{\"createBy\":\"admin\",\"dictName\":\"口味名称\",\"dictType\":\"flavor_name\",\"params\":{},\"status\":\"0\"}','{\"msg\":\"操作成功\",\"code\":200}',0,NULL,'2024-04-29 15:56:59',7),(81,'字典数据',1,'com.ruoyi.web.controller.system.SysDictDataController.add()','POST',1,'admin','研发部门','/system/dict/data','127.0.0.1','内网IP','{\"createBy\":\"admin\",\"default\":false,\"dictLabel\":\"忌口\",\"dictSort\":1,\"dictType\":\"flavor_name\",\"dictValue\":\"0\",\"listClass\":\"default\",\"params\":{},\"status\":\"0\"}','{\"msg\":\"操作成功\",\"code\":200}',0,NULL,'2024-04-29 15:57:45',6),(82,'字典数据',1,'com.ruoyi.web.controller.system.SysDictDataController.add()','POST',1,'admin','研发部门','/system/dict/data','127.0.0.1','内网IP','{\"createBy\":\"admin\",\"default\":false,\"dictLabel\":\"辣度\",\"dictSort\":2,\"dictType\":\"flavor_name\",\"dictValue\":\"1\",\"listClass\":\"default\",\"params\":{},\"status\":\"0\"}','{\"msg\":\"操作成功\",\"code\":200}',0,NULL,'2024-04-29 15:57:53',6),(83,'字典数据',1,'com.ruoyi.web.controller.system.SysDictDataController.add()','POST',1,'admin','研发部门','/system/dict/data','127.0.0.1','内网IP','{\"createBy\":\"admin\",\"default\":false,\"dictLabel\":\"甜味\",\"dictSort\":3,\"dictType\":\"flavor_name\",\"dictValue\":\"2\",\"listClass\":\"default\",\"params\":{},\"status\":\"0\"}','{\"msg\":\"操作成功\",\"code\":200}',0,NULL,'2024-04-29 15:58:06',9),(84,'代码生成',2,'com.ruoyi.generator.controller.GenController.editSave()','PUT',1,'admin','研发部门','/tool/gen','127.0.0.1','内网IP','{\"businessName\":\"flavor\",\"className\":\"TbDishFlavor\",\"columns\":[{\"capJavaField\":\"Id\",\"columnComment\":\"主键\",\"columnId\":121,\"columnName\":\"id\",\"columnType\":\"bigint\",\"createBy\":\"admin\",\"createTime\":\"2024-04-29 15:19:57\",\"dictType\":\"\",\"edit\":false,\"htmlType\":\"input\",\"increment\":true,\"insert\":true,\"isIncrement\":\"1\",\"isInsert\":\"1\",\"isPk\":\"1\",\"isRequired\":\"0\",\"javaField\":\"id\",\"javaType\":\"Long\",\"list\":false,\"params\":{},\"pk\":true,\"query\":false,\"queryType\":\"EQ\",\"required\":false,\"sort\":1,\"superColumn\":false,\"tableId\":12,\"updateBy\":\"\",\"usableColumn\":false},{\"capJavaField\":\"DishId\",\"columnComment\":\"菜品\",\"columnId\":122,\"columnName\":\"dish_id\",\"columnType\":\"bigint\",\"createBy\":\"admin\",\"createTime\":\"2024-04-29 15:19:57\",\"dictType\":\"\",\"edit\":true,\"htmlType\":\"input\",\"increment\":false,\"insert\":true,\"isEdit\":\"1\",\"isIncrement\":\"0\",\"isInsert\":\"1\",\"isList\":\"1\",\"isPk\":\"0\",\"isQuery\":\"1\",\"isRequired\":\"1\",\"javaField\":\"dishId\",\"javaType\":\"Long\",\"list\":true,\"params\":{},\"pk\":false,\"query\":true,\"queryType\":\"EQ\",\"required\":true,\"sort\":2,\"superColumn\":false,\"tableId\":12,\"updateBy\":\"\",\"usableColumn\":false},{\"capJavaField\":\"Name\",\"columnComment\":\"口味名称\",\"columnId\":123,\"columnName\":\"name\",\"columnType\":\"varchar(32)\",\"createBy\":\"admin\",\"createTime\":\"2024-04-29 15:19:57\",\"dictType\":\"flavor_name\",\"edit\":true,\"htmlType\":\"select\",\"increment\":false,\"insert\":true,\"isEdit\":\"1\",\"isIncrement\":\"0\",\"isInsert\":\"1\",\"isList\":\"1\",\"isPk\":\"0\",\"isQuery\":\"1\",\"isRequired\":\"0\",\"javaField\":\"name\",\"javaType\":\"String\",\"list\":true,\"params\":{},\"pk\":false,\"query\":true,\"queryType\":\"LIKE\",\"required\":false,\"sort\":3,\"superColumn\":false,\"tableId\":12,\"updateBy\":\"\",\"usableColumn\":false},{\"capJavaField\":\"Value\",\"columnComment\":\"口味数据list\",\"columnId\":124,\"columnName\":\"value\",\"columnType\":\"varchar(255)\",\"createBy\":\"admin\",\"createTime\":\"2024-04-29 15:19:57\",\"dictType\":\"\",\"edit\":true,\"htmlType\":\"input\",\"increment\":false,\"insert\":true,\"isEdit\":\"1\",\"isIncrement\":\"0\",\"isInsert\":\"1\",\"isList\":\"1\",\"isPk\":\"0\",\"isQuery\":\"1\",\"isRequired\":\"0\",\"javaField\":\"val','{\"msg\":\"操作成功\",\"code\":200}',0,NULL,'2024-04-29 15:58:53',12),(85,'代码生成',2,'com.ruoyi.generator.controller.GenController.editSave()','PUT',1,'admin','研发部门','/tool/gen','127.0.0.1','内网IP','{\"businessName\":\"dish\",\"className\":\"Dish\",\"columns\":[{\"capJavaField\":\"Id\",\"columnComment\":\"主键\",\"columnId\":113,\"columnName\":\"id\",\"columnType\":\"bigint\",\"createBy\":\"admin\",\"createTime\":\"2024-04-29 15:19:57\",\"dictType\":\"\",\"edit\":false,\"htmlType\":\"input\",\"increment\":true,\"insert\":false,\"isIncrement\":\"1\",\"isInsert\":\"0\",\"isPk\":\"1\",\"isRequired\":\"0\",\"javaField\":\"id\",\"javaType\":\"Long\",\"list\":false,\"params\":{},\"pk\":true,\"query\":false,\"queryType\":\"EQ\",\"required\":false,\"sort\":1,\"superColumn\":false,\"tableId\":11,\"updateBy\":\"\",\"updateTime\":\"2024-04-29 15:47:26\",\"usableColumn\":false},{\"capJavaField\":\"Name\",\"columnComment\":\"菜品名称\",\"columnId\":114,\"columnName\":\"name\",\"columnType\":\"varchar(32)\",\"createBy\":\"admin\",\"createTime\":\"2024-04-29 15:19:57\",\"dictType\":\"\",\"edit\":true,\"htmlType\":\"input\",\"increment\":false,\"insert\":true,\"isEdit\":\"1\",\"isIncrement\":\"0\",\"isInsert\":\"1\",\"isList\":\"1\",\"isPk\":\"0\",\"isQuery\":\"1\",\"isRequired\":\"1\",\"javaField\":\"name\",\"javaType\":\"String\",\"list\":true,\"params\":{},\"pk\":false,\"query\":true,\"queryType\":\"LIKE\",\"required\":true,\"sort\":2,\"superColumn\":false,\"tableId\":11,\"updateBy\":\"\",\"updateTime\":\"2024-04-29 15:47:26\",\"usableColumn\":false},{\"capJavaField\":\"Price\",\"columnComment\":\"菜品价格\",\"columnId\":115,\"columnName\":\"price\",\"columnType\":\"decimal(10,2)\",\"createBy\":\"admin\",\"createTime\":\"2024-04-29 15:19:57\",\"dictType\":\"\",\"edit\":true,\"htmlType\":\"input\",\"increment\":false,\"insert\":true,\"isEdit\":\"1\",\"isIncrement\":\"0\",\"isInsert\":\"1\",\"isList\":\"1\",\"isPk\":\"0\",\"isQuery\":\"0\",\"isRequired\":\"1\",\"javaField\":\"price\",\"javaType\":\"BigDecimal\",\"list\":true,\"params\":{},\"pk\":false,\"query\":false,\"queryType\":\"EQ\",\"required\":true,\"sort\":3,\"superColumn\":false,\"tableId\":11,\"updateBy\":\"\",\"updateTime\":\"2024-04-29 15:47:26\",\"usableColumn\":false},{\"capJavaField\":\"Image\",\"columnComment\":\"图片\",\"columnId\":116,\"columnName\":\"image\",\"columnType\":\"varchar(255)\",\"createBy\":\"admin\",\"createTime\":\"2024-04-29 15:19:57\",\"dictType\":\"\",\"edit\":true,\"htmlType\":\"imageUpload\",\"increment\":false,\"insert\":true,\"isEdit\":\"1\",\"isIncrem','{\"msg\":\"操作成功\",\"code\":200}',0,NULL,'2024-04-29 15:58:59',22),(86,'代码生成',2,'com.ruoyi.generator.controller.GenController.editSave()','PUT',1,'admin','研发部门','/tool/gen','127.0.0.1','内网IP','{\"businessName\":\"dish\",\"className\":\"Dish\",\"columns\":[{\"capJavaField\":\"Id\",\"columnComment\":\"主键\",\"columnId\":113,\"columnName\":\"id\",\"columnType\":\"bigint\",\"createBy\":\"admin\",\"createTime\":\"2024-04-29 15:19:57\",\"dictType\":\"\",\"edit\":false,\"htmlType\":\"input\",\"increment\":true,\"insert\":false,\"isIncrement\":\"1\",\"isInsert\":\"0\",\"isPk\":\"1\",\"isRequired\":\"0\",\"javaField\":\"id\",\"javaType\":\"Long\",\"list\":false,\"params\":{},\"pk\":true,\"query\":false,\"queryType\":\"EQ\",\"required\":false,\"sort\":1,\"superColumn\":false,\"tableId\":11,\"updateBy\":\"\",\"updateTime\":\"2024-04-29 15:58:59\",\"usableColumn\":false},{\"capJavaField\":\"Name\",\"columnComment\":\"菜品名称\",\"columnId\":114,\"columnName\":\"name\",\"columnType\":\"varchar(32)\",\"createBy\":\"admin\",\"createTime\":\"2024-04-29 15:19:57\",\"dictType\":\"\",\"edit\":true,\"htmlType\":\"input\",\"increment\":false,\"insert\":true,\"isEdit\":\"1\",\"isIncrement\":\"0\",\"isInsert\":\"1\",\"isList\":\"1\",\"isPk\":\"0\",\"isQuery\":\"1\",\"isRequired\":\"1\",\"javaField\":\"name\",\"javaType\":\"String\",\"list\":true,\"params\":{},\"pk\":false,\"query\":true,\"queryType\":\"LIKE\",\"required\":true,\"sort\":2,\"superColumn\":false,\"tableId\":11,\"updateBy\":\"\",\"updateTime\":\"2024-04-29 15:58:59\",\"usableColumn\":false},{\"capJavaField\":\"Price\",\"columnComment\":\"菜品价格\",\"columnId\":115,\"columnName\":\"price\",\"columnType\":\"decimal(10,2)\",\"createBy\":\"admin\",\"createTime\":\"2024-04-29 15:19:57\",\"dictType\":\"\",\"edit\":true,\"htmlType\":\"input\",\"increment\":false,\"insert\":true,\"isEdit\":\"1\",\"isIncrement\":\"0\",\"isInsert\":\"1\",\"isList\":\"1\",\"isPk\":\"0\",\"isQuery\":\"0\",\"isRequired\":\"1\",\"javaField\":\"price\",\"javaType\":\"BigDecimal\",\"list\":true,\"params\":{},\"pk\":false,\"query\":false,\"queryType\":\"EQ\",\"required\":true,\"sort\":3,\"superColumn\":false,\"tableId\":11,\"updateBy\":\"\",\"updateTime\":\"2024-04-29 15:58:59\",\"usableColumn\":false},{\"capJavaField\":\"Image\",\"columnComment\":\"图片\",\"columnId\":116,\"columnName\":\"image\",\"columnType\":\"varchar(255)\",\"createBy\":\"admin\",\"createTime\":\"2024-04-29 15:19:57\",\"dictType\":\"\",\"edit\":true,\"htmlType\":\"imageUpload\",\"increment\":false,\"insert\":true,\"isEdit\":\"1\",\"isIncrem','{\"msg\":\"操作成功\",\"code\":200}',0,NULL,'2024-04-29 15:59:19',20),(87,'代码生成',8,'com.ruoyi.generator.controller.GenController.batchGenCode()','GET',1,'admin','研发部门','/tool/gen/batchGenCode','127.0.0.1','内网IP','{\"tables\":\"tb_dish\"}',NULL,0,NULL,'2024-04-29 16:01:58',109),(88,'代码生成',2,'com.ruoyi.generator.controller.GenController.editSave()','PUT',1,'admin','研发部门','/tool/gen','127.0.0.1','内网IP','{\"businessName\":\"dish\",\"className\":\"Dish\",\"columns\":[{\"capJavaField\":\"Id\",\"columnComment\":\"主键\",\"columnId\":113,\"columnName\":\"id\",\"columnType\":\"bigint\",\"createBy\":\"admin\",\"createTime\":\"2024-04-29 15:19:57\",\"dictType\":\"\",\"edit\":false,\"htmlType\":\"input\",\"increment\":true,\"insert\":false,\"isIncrement\":\"1\",\"isInsert\":\"0\",\"isPk\":\"1\",\"isRequired\":\"0\",\"javaField\":\"id\",\"javaType\":\"Long\",\"list\":false,\"params\":{},\"pk\":true,\"query\":false,\"queryType\":\"EQ\",\"required\":false,\"sort\":1,\"superColumn\":false,\"tableId\":11,\"updateBy\":\"\",\"updateTime\":\"2024-04-29 15:59:19\",\"usableColumn\":false},{\"capJavaField\":\"Name\",\"columnComment\":\"菜品名称\",\"columnId\":114,\"columnName\":\"name\",\"columnType\":\"varchar(32)\",\"createBy\":\"admin\",\"createTime\":\"2024-04-29 15:19:57\",\"dictType\":\"\",\"edit\":true,\"htmlType\":\"input\",\"increment\":false,\"insert\":true,\"isEdit\":\"1\",\"isIncrement\":\"0\",\"isInsert\":\"1\",\"isList\":\"1\",\"isPk\":\"0\",\"isQuery\":\"1\",\"isRequired\":\"1\",\"javaField\":\"name\",\"javaType\":\"String\",\"list\":true,\"params\":{},\"pk\":false,\"query\":true,\"queryType\":\"LIKE\",\"required\":true,\"sort\":2,\"superColumn\":false,\"tableId\":11,\"updateBy\":\"\",\"updateTime\":\"2024-04-29 15:59:19\",\"usableColumn\":false},{\"capJavaField\":\"Price\",\"columnComment\":\"菜品价格\",\"columnId\":115,\"columnName\":\"price\",\"columnType\":\"decimal(10,2)\",\"createBy\":\"admin\",\"createTime\":\"2024-04-29 15:19:57\",\"dictType\":\"\",\"edit\":true,\"htmlType\":\"input\",\"increment\":false,\"insert\":true,\"isEdit\":\"1\",\"isIncrement\":\"0\",\"isInsert\":\"1\",\"isList\":\"1\",\"isPk\":\"0\",\"isQuery\":\"0\",\"isRequired\":\"1\",\"javaField\":\"price\",\"javaType\":\"BigDecimal\",\"list\":true,\"params\":{},\"pk\":false,\"query\":false,\"queryType\":\"EQ\",\"required\":true,\"sort\":3,\"superColumn\":false,\"tableId\":11,\"updateBy\":\"\",\"updateTime\":\"2024-04-29 15:59:19\",\"usableColumn\":false},{\"capJavaField\":\"Image\",\"columnComment\":\"图片\",\"columnId\":116,\"columnName\":\"image\",\"columnType\":\"varchar(255)\",\"createBy\":\"admin\",\"createTime\":\"2024-04-29 15:19:57\",\"dictType\":\"\",\"edit\":true,\"htmlType\":\"imageUpload\",\"increment\":false,\"insert\":true,\"isEdit\":\"1\",\"isIncrem','{\"msg\":\"操作成功\",\"code\":200}',0,NULL,'2024-04-29 16:14:51',64),(89,'代码生成',2,'com.ruoyi.generator.controller.GenController.editSave()','PUT',1,'admin','研发部门','/tool/gen','127.0.0.1','内网IP','{\"businessName\":\"dish\",\"className\":\"Dish\",\"columns\":[{\"capJavaField\":\"Id\",\"columnComment\":\"主键\",\"columnId\":113,\"columnName\":\"id\",\"columnType\":\"bigint\",\"createBy\":\"admin\",\"createTime\":\"2024-04-29 15:19:57\",\"dictType\":\"\",\"edit\":false,\"htmlType\":\"input\",\"increment\":true,\"insert\":false,\"isIncrement\":\"1\",\"isInsert\":\"0\",\"isPk\":\"1\",\"isRequired\":\"0\",\"javaField\":\"id\",\"javaType\":\"Long\",\"list\":false,\"params\":{},\"pk\":true,\"query\":false,\"queryType\":\"EQ\",\"required\":false,\"sort\":1,\"superColumn\":false,\"tableId\":11,\"updateBy\":\"\",\"updateTime\":\"2024-04-29 16:14:51\",\"usableColumn\":false},{\"capJavaField\":\"Name\",\"columnComment\":\"菜品名称\",\"columnId\":114,\"columnName\":\"name\",\"columnType\":\"varchar(32)\",\"createBy\":\"admin\",\"createTime\":\"2024-04-29 15:19:57\",\"dictType\":\"\",\"edit\":true,\"htmlType\":\"input\",\"increment\":false,\"insert\":true,\"isEdit\":\"1\",\"isIncrement\":\"0\",\"isInsert\":\"1\",\"isList\":\"1\",\"isPk\":\"0\",\"isQuery\":\"1\",\"isRequired\":\"1\",\"javaField\":\"name\",\"javaType\":\"String\",\"list\":true,\"params\":{},\"pk\":false,\"query\":true,\"queryType\":\"LIKE\",\"required\":true,\"sort\":2,\"superColumn\":false,\"tableId\":11,\"updateBy\":\"\",\"updateTime\":\"2024-04-29 16:14:51\",\"usableColumn\":false},{\"capJavaField\":\"Price\",\"columnComment\":\"菜品价格\",\"columnId\":115,\"columnName\":\"price\",\"columnType\":\"decimal(10,2)\",\"createBy\":\"admin\",\"createTime\":\"2024-04-29 15:19:57\",\"dictType\":\"\",\"edit\":true,\"htmlType\":\"input\",\"increment\":false,\"insert\":true,\"isEdit\":\"1\",\"isIncrement\":\"0\",\"isInsert\":\"1\",\"isList\":\"1\",\"isPk\":\"0\",\"isQuery\":\"0\",\"isRequired\":\"1\",\"javaField\":\"price\",\"javaType\":\"BigDecimal\",\"list\":true,\"params\":{},\"pk\":false,\"query\":false,\"queryType\":\"EQ\",\"required\":true,\"sort\":3,\"superColumn\":false,\"tableId\":11,\"updateBy\":\"\",\"updateTime\":\"2024-04-29 16:14:51\",\"usableColumn\":false},{\"capJavaField\":\"Image\",\"columnComment\":\"图片\",\"columnId\":116,\"columnName\":\"image\",\"columnType\":\"varchar(255)\",\"createBy\":\"admin\",\"createTime\":\"2024-04-29 15:19:57\",\"dictType\":\"\",\"edit\":true,\"htmlType\":\"imageUpload\",\"increment\":false,\"insert\":true,\"isEdit\":\"1\",\"isIncrem','{\"msg\":\"操作成功\",\"code\":200}',0,NULL,'2024-04-29 16:16:15',36),(90,'菜品管理',1,'com.ruoyi.merchant.controller.DishController.add()','POST',1,'admin','研发部门','/merchant/dish','127.0.0.1','内网IP','{\"createTime\":\"2024-04-29 17:44:56\",\"description\":\"好吃不贵，经济实惠\",\"id\":101,\"image\":\"/profile/upload/2024/04/29/11_20240429174434A001.png\",\"name\":\"毛血旺\",\"params\":{},\"price\":49,\"status\":1,\"tbDishFlavorList\":[{\"dishId\":101,\"name\":\"1\",\"params\":{},\"value\":\"[\\\"不要葱\\\",\\\"不要蒜\\\",\\\"不要香菜\\\"]\"}]}','{\"msg\":\"操作成功\",\"code\":200}',0,NULL,'2024-04-29 17:44:56',23),(91,'菜品管理',2,'com.ruoyi.merchant.controller.DishController.edit()','PUT',1,'admin','研发部门','/merchant/dish','127.0.0.1','内网IP','{\"createTime\":\"2024-04-29 17:44:57\",\"description\":\"好吃不贵，经济实惠\",\"id\":101,\"image\":\"/profile/upload/2024/04/29/11_20240429174434A001.png\",\"name\":\"毛血旺\",\"params\":{},\"price\":49,\"status\":1,\"tbDishFlavorList\":[{\"dishId\":101,\"id\":176,\"name\":\"1\",\"params\":{},\"value\":\"[\\\"不要葱\\\",\\\"不要蒜\\\",\\\"不要香菜\\\"]\"}],\"updateTime\":\"2024-04-29 17:47:01\"}','{\"msg\":\"操作成功\",\"code\":200}',0,NULL,'2024-04-29 17:47:01',23),(92,'字典数据',2,'com.ruoyi.web.controller.system.SysDictDataController.edit()','PUT',1,'admin','研发部门','/system/dict/data','127.0.0.1','内网IP','{\"createBy\":\"admin\",\"createTime\":\"2024-04-29 15:57:45\",\"default\":false,\"dictCode\":105,\"dictLabel\":\"忌口\",\"dictSort\":1,\"dictType\":\"flavor_name\",\"dictValue\":\"忌口\",\"isDefault\":\"N\",\"listClass\":\"default\",\"params\":{},\"status\":\"0\",\"updateBy\":\"admin\"}','{\"msg\":\"操作成功\",\"code\":200}',0,NULL,'2024-04-29 17:54:02',8),(93,'字典数据',2,'com.ruoyi.web.controller.system.SysDictDataController.edit()','PUT',1,'admin','研发部门','/system/dict/data','127.0.0.1','内网IP','{\"createBy\":\"admin\",\"createTime\":\"2024-04-29 15:57:53\",\"default\":false,\"dictCode\":106,\"dictLabel\":\"辣度\",\"dictSort\":2,\"dictType\":\"flavor_name\",\"dictValue\":\"辣度\",\"isDefault\":\"N\",\"listClass\":\"default\",\"params\":{},\"status\":\"0\",\"updateBy\":\"admin\"}','{\"msg\":\"操作成功\",\"code\":200}',0,NULL,'2024-04-29 17:54:06',9),(94,'字典数据',2,'com.ruoyi.web.controller.system.SysDictDataController.edit()','PUT',1,'admin','研发部门','/system/dict/data','127.0.0.1','内网IP','{\"createBy\":\"admin\",\"createTime\":\"2024-04-29 15:58:06\",\"default\":false,\"dictCode\":107,\"dictLabel\":\"甜味\",\"dictSort\":3,\"dictType\":\"flavor_name\",\"dictValue\":\"甜味\",\"isDefault\":\"N\",\"listClass\":\"default\",\"params\":{},\"status\":\"0\",\"updateBy\":\"admin\"}','{\"msg\":\"操作成功\",\"code\":200}',0,NULL,'2024-04-29 17:54:11',7),(95,'字典类型',1,'com.ruoyi.web.controller.system.SysDictTypeController.add()','POST',1,'admin','研发部门','/system/dict/type','127.0.0.1','内网IP','{\"createBy\":\"admin\",\"dictName\":\"口味列表\",\"dictType\":\"flavor_list\",\"params\":{},\"status\":\"0\"}','{\"msg\":\"操作成功\",\"code\":200}',0,NULL,'2024-04-29 17:57:26',8),(96,'字典类型',3,'com.ruoyi.web.controller.system.SysDictTypeController.remove()','DELETE',1,'admin','研发部门','/system/dict/type/103','127.0.0.1','内网IP','{}','{\"msg\":\"操作成功\",\"code\":200}',0,NULL,'2024-04-29 17:57:53',9),(97,'菜单管理',3,'com.ruoyi.web.controller.system.SysMenuController.remove()','DELETE',1,'admin','研发部门','/system/menu/4','127.0.0.1','内网IP','{}','{\"msg\":\"菜单已分配,不允许删除\",\"code\":601}',0,NULL,'2024-04-29 19:07:05',7),(98,'菜单管理',2,'com.ruoyi.web.controller.system.SysMenuController.edit()','PUT',1,'admin','研发部门','/system/menu','127.0.0.1','内网IP','{\"children\":[],\"createTime\":\"2024-04-22 22:59:48\",\"icon\":\"guide\",\"isCache\":\"0\",\"isFrame\":\"0\",\"menuId\":4,\"menuName\":\"若依官网\",\"menuType\":\"M\",\"orderNum\":4,\"params\":{},\"parentId\":0,\"path\":\"http://ruoyi.vip\",\"perms\":\"\",\"query\":\"\",\"status\":\"1\",\"updateBy\":\"admin\",\"visible\":\"1\"}','{\"msg\":\"操作成功\",\"code\":200}',0,NULL,'2024-04-29 19:07:11',15),(99,'菜品管理',2,'com.ruoyi.merchant.controller.DishController.edit()','PUT',1,'admin','研发部门','/merchant/dish','127.0.0.1','内网IP','{\"createTime\":\"2024-04-29 17:44:57\",\"description\":\"好吃不贵，经济实惠\",\"id\":101,\"image\":\"/profile/upload/2024/04/29/毛血旺_20240429195310A001.jpg\",\"name\":\"毛血旺\",\"params\":{},\"price\":49,\"status\":1,\"tbDishFlavorList\":[{\"dishId\":101,\"id\":176,\"name\":\"1\",\"params\":{},\"value\":\"[\\\"不要葱\\\",\\\"不要蒜\\\",\\\"不要香菜\\\"]\"}],\"updateTime\":\"2024-04-29 19:53:13\"}','{\"msg\":\"操作成功\",\"code\":200}',0,NULL,'2024-04-29 19:53:13',9),(100,'菜品管理',2,'com.ruoyi.merchant.controller.DishController.edit()','PUT',1,'admin','研发部门','/merchant/dish','127.0.0.1','内网IP','{\"createTime\":\"2024-04-29 17:44:57\",\"description\":\"好吃不贵，经济实惠\",\"id\":101,\"image\":\"/profile/upload/2024/04/29/毛血旺_20240429195310A001.jpg\",\"name\":\"毛血旺\",\"params\":{},\"price\":49,\"status\":1,\"tbDishFlavorList\":[{\"dishId\":101,\"id\":176,\"name\":\"忌口\",\"params\":{},\"value\":\"[\\\"不要葱\\\",\\\"不要蒜\\\",\\\"不要香菜\\\"]\"}],\"updateTime\":\"2024-04-29 19:53:24\"}','{\"msg\":\"操作成功\",\"code\":200}',0,NULL,'2024-04-29 19:53:24',9),(101,'代码生成',2,'com.ruoyi.generator.controller.GenController.editSave()','PUT',1,'admin','研发部门','/tool/gen','127.0.0.1','内网IP','{\"businessName\":\"flavor\",\"className\":\"DishFlavor\",\"columns\":[{\"capJavaField\":\"Id\",\"columnComment\":\"主键\",\"columnId\":121,\"columnName\":\"id\",\"columnType\":\"bigint\",\"createBy\":\"admin\",\"createTime\":\"2024-04-29 15:19:57\",\"dictType\":\"\",\"edit\":false,\"htmlType\":\"input\",\"increment\":true,\"insert\":false,\"isIncrement\":\"1\",\"isInsert\":\"0\",\"isPk\":\"1\",\"isRequired\":\"0\",\"javaField\":\"id\",\"javaType\":\"Long\",\"list\":false,\"params\":{},\"pk\":true,\"query\":false,\"queryType\":\"EQ\",\"required\":false,\"sort\":1,\"superColumn\":false,\"tableId\":12,\"updateBy\":\"\",\"updateTime\":\"2024-04-29 15:58:53\",\"usableColumn\":false},{\"capJavaField\":\"DishId\",\"columnComment\":\"菜品\",\"columnId\":122,\"columnName\":\"dish_id\",\"columnType\":\"bigint\",\"createBy\":\"admin\",\"createTime\":\"2024-04-29 15:19:57\",\"dictType\":\"\",\"edit\":true,\"htmlType\":\"input\",\"increment\":false,\"insert\":true,\"isEdit\":\"1\",\"isIncrement\":\"0\",\"isInsert\":\"1\",\"isList\":\"1\",\"isPk\":\"0\",\"isQuery\":\"1\",\"isRequired\":\"1\",\"javaField\":\"dishId\",\"javaType\":\"Long\",\"list\":true,\"params\":{},\"pk\":false,\"query\":true,\"queryType\":\"EQ\",\"required\":true,\"sort\":2,\"superColumn\":false,\"tableId\":12,\"updateBy\":\"\",\"updateTime\":\"2024-04-29 15:58:53\",\"usableColumn\":false},{\"capJavaField\":\"Name\",\"columnComment\":\"口味名称\",\"columnId\":123,\"columnName\":\"name\",\"columnType\":\"varchar(32)\",\"createBy\":\"admin\",\"createTime\":\"2024-04-29 15:19:57\",\"dictType\":\"flavor_name\",\"edit\":true,\"htmlType\":\"select\",\"increment\":false,\"insert\":true,\"isEdit\":\"1\",\"isIncrement\":\"0\",\"isInsert\":\"1\",\"isList\":\"1\",\"isPk\":\"0\",\"isQuery\":\"1\",\"isRequired\":\"1\",\"javaField\":\"name\",\"javaType\":\"String\",\"list\":true,\"params\":{},\"pk\":false,\"query\":true,\"queryType\":\"EQ\",\"required\":true,\"sort\":3,\"superColumn\":false,\"tableId\":12,\"updateBy\":\"\",\"updateTime\":\"2024-04-29 15:58:53\",\"usableColumn\":false},{\"capJavaField\":\"Value\",\"columnComment\":\"口味数据list\",\"columnId\":124,\"columnName\":\"value\",\"columnType\":\"varchar(255)\",\"createBy\":\"admin\",\"createTime\":\"2024-04-29 15:19:57\",\"dictType\":\"\",\"edit\":true,\"htmlType\":\"input\",\"increment\":false,\"insert\":true,\"isEdit\":\"1\",\"is','{\"msg\":\"操作成功\",\"code\":200}',0,NULL,'2024-04-29 20:10:05',19),(102,'代码生成',2,'com.ruoyi.generator.controller.GenController.editSave()','PUT',1,'admin','研发部门','/tool/gen','127.0.0.1','内网IP','{\"businessName\":\"flavor\",\"className\":\"DishFlavor\",\"columns\":[{\"capJavaField\":\"Id\",\"columnComment\":\"主键\",\"columnId\":121,\"columnName\":\"id\",\"columnType\":\"bigint\",\"createBy\":\"admin\",\"createTime\":\"2024-04-29 15:19:57\",\"dictType\":\"\",\"edit\":false,\"htmlType\":\"input\",\"increment\":true,\"insert\":false,\"isIncrement\":\"1\",\"isInsert\":\"0\",\"isPk\":\"1\",\"isRequired\":\"0\",\"javaField\":\"id\",\"javaType\":\"Long\",\"list\":false,\"params\":{},\"pk\":true,\"query\":false,\"queryType\":\"EQ\",\"required\":false,\"sort\":1,\"superColumn\":false,\"tableId\":12,\"updateBy\":\"\",\"updateTime\":\"2024-04-29 20:10:05\",\"usableColumn\":false},{\"capJavaField\":\"DishId\",\"columnComment\":\"菜品\",\"columnId\":122,\"columnName\":\"dish_id\",\"columnType\":\"bigint\",\"createBy\":\"admin\",\"createTime\":\"2024-04-29 15:19:57\",\"dictType\":\"\",\"edit\":true,\"htmlType\":\"input\",\"increment\":false,\"insert\":true,\"isEdit\":\"1\",\"isIncrement\":\"0\",\"isInsert\":\"1\",\"isList\":\"1\",\"isPk\":\"0\",\"isQuery\":\"1\",\"isRequired\":\"1\",\"javaField\":\"dishId\",\"javaType\":\"Long\",\"list\":true,\"params\":{},\"pk\":false,\"query\":true,\"queryType\":\"EQ\",\"required\":true,\"sort\":2,\"superColumn\":false,\"tableId\":12,\"updateBy\":\"\",\"updateTime\":\"2024-04-29 20:10:05\",\"usableColumn\":false},{\"capJavaField\":\"Name\",\"columnComment\":\"口味名称\",\"columnId\":123,\"columnName\":\"name\",\"columnType\":\"varchar(32)\",\"createBy\":\"admin\",\"createTime\":\"2024-04-29 15:19:57\",\"dictType\":\"\",\"edit\":true,\"htmlType\":\"input\",\"increment\":false,\"insert\":true,\"isEdit\":\"1\",\"isIncrement\":\"0\",\"isInsert\":\"1\",\"isList\":\"1\",\"isPk\":\"0\",\"isQuery\":\"1\",\"isRequired\":\"1\",\"javaField\":\"name\",\"javaType\":\"String\",\"list\":true,\"params\":{},\"pk\":false,\"query\":true,\"queryType\":\"EQ\",\"required\":true,\"sort\":3,\"superColumn\":false,\"tableId\":12,\"updateBy\":\"\",\"updateTime\":\"2024-04-29 20:10:05\",\"usableColumn\":false},{\"capJavaField\":\"Value\",\"columnComment\":\"口味数据list\",\"columnId\":124,\"columnName\":\"value\",\"columnType\":\"varchar(255)\",\"createBy\":\"admin\",\"createTime\":\"2024-04-29 15:19:57\",\"dictType\":\"\",\"edit\":true,\"htmlType\":\"input\",\"increment\":false,\"insert\":true,\"isEdit\":\"1\",\"isIncrement\":\"','{\"msg\":\"操作成功\",\"code\":200}',0,NULL,'2024-04-29 20:11:04',10),(103,'菜品管理',2,'com.ruoyi.merchant.controller.DishController.edit()','PUT',1,'admin','研发部门','/merchant/dish','127.0.0.1','内网IP','{\"createTime\":\"2024-04-29 17:44:57\",\"description\":\"好吃不贵，经济实惠\",\"id\":101,\"image\":\"/profile/upload/2024/04/29/毛血旺_20240429195310A001.jpg\",\"name\":\"毛血旺\",\"params\":{},\"price\":49,\"status\":1,\"tbDishFlavorList\":[{\"dishId\":101,\"flavorList\":[\"可乐\"],\"id\":176,\"name\":\"辣度\",\"params\":{},\"value\":\"[\\\"不要葱\\\",\\\"不要蒜\\\",\\\"不要香菜\\\"]\"},{\"dishId\":101,\"flavorList\":[\"可乐\"],\"name\":\"辣度\",\"params\":{},\"value\":\"\"}],\"updateTime\":\"2024-04-29 21:14:53\"}','{\"msg\":\"操作成功\",\"code\":200}',0,NULL,'2024-04-29 21:14:54',49),(104,'菜品管理',3,'com.ruoyi.merchant.controller.DishController.remove()','DELETE',1,'admin','研发部门','/merchant/dish/101','127.0.0.1','内网IP','{}','{\"msg\":\"操作成功\",\"code\":200}',0,NULL,'2024-04-29 21:25:32',25),(105,'菜品管理',1,'com.ruoyi.merchant.controller.DishController.add()','POST',1,'admin','研发部门','/merchant/dish','127.0.0.1','内网IP','{\"createTime\":\"2024-04-29 21:31:27\",\"description\":\"好吃不贵\",\"id\":102,\"image\":\"/profile/upload/2024/04/29/毛血旺_20240429213113A001.jpg\",\"name\":\"毛血旺\",\"params\":{},\"price\":49,\"status\":1,\"tbDishFlavorList\":[{\"dishId\":102,\"name\":\"忌口\",\"params\":{},\"value\":\"[\\\"不要辣\\\",\\\"不要香菜\\\",\\\"不要蒜\\\"]\"}],\"updateTime\":\"2024-04-29 21:31:27\"}','{\"msg\":\"操作成功\",\"code\":200}',0,NULL,'2024-04-29 21:31:27',24),(106,'菜品管理',2,'com.ruoyi.merchant.controller.DishController.edit()','PUT',1,'admin','研发部门','/merchant/dish','127.0.0.1','内网IP','{\"createTime\":\"2024-04-29 21:31:27\",\"description\":\"好吃不贵\",\"id\":102,\"image\":\"/profile/upload/2024/04/29/毛血旺_20240429213113A001.jpg\",\"name\":\"毛血旺\",\"params\":{},\"price\":49,\"status\":1,\"tbDishFlavorList\":[{\"dishId\":102,\"id\":179,\"name\":\"忌口\",\"params\":{},\"value\":\"[\\\"不要辣\\\",\\\"不要香菜\\\",\\\"不要蒜\\\"]\"},{\"dishId\":102,\"name\":\"辣度\",\"params\":{},\"value\":\"[\\\"重辣\\\",\\\"微辣\\\"]\"}],\"updateTime\":\"2024-04-29 21:34:38\"}','{\"msg\":\"操作成功\",\"code\":200}',0,NULL,'2024-04-29 21:34:38',25),(107,'菜品管理',2,'com.ruoyi.merchant.controller.DishController.edit()','PUT',1,'admin','研发部门','/merchant/dish','127.0.0.1','内网IP','{\"createTime\":\"2023-04-13 22:53:07\",\"description\":\"鱼豆腐\",\"id\":85,\"image\":\"https://sky-heima.oss-cn-beijing.aliyuncs.com/images/2023/04/13/1681397585037-鱼豆腐.jpg\",\"name\":\"鱼豆腐\",\"params\":{},\"price\":6,\"status\":1,\"tbDishFlavorList\":[{\"dishId\":85,\"name\":\"甜味\",\"params\":{},\"value\":\"[\\\"全糖\\\",\\\"半糖\\\",\\\"少糖\\\"]\"}],\"updateTime\":\"2024-04-29 21:42:06\"}','{\"msg\":\"操作成功\",\"code\":200}',0,NULL,'2024-04-29 21:42:06',10),(108,'菜品管理',2,'com.ruoyi.merchant.controller.DishController.edit()','PUT',1,'admin','研发部门','/merchant/dish','127.0.0.1','内网IP','{\"createTime\":\"2023-02-09 10:34:36\",\"description\":\"菜品描述\",\"id\":72,\"image\":\"https://sky-take-out.oss-cn-hangzhou.aliyuncs.com/747433e9-27fd-4bd0-98bf-d05fe4c479a1-毛氏红烧肉.jpg\",\"name\":\"红烧肉\",\"params\":{},\"price\":32,\"status\":0,\"tbDishFlavorList\":[{\"dishId\":72,\"id\":157,\"name\":\"辣度\",\"params\":{},\"value\":\"[\\\"微辣\\\"]\"},{\"dishId\":72,\"id\":158,\"name\":\"甜味\",\"params\":{},\"value\":\"[\\\"少糖\\\"]\"}],\"updateTime\":\"2024-04-29 21:53:30\"}','{\"msg\":\"操作成功\",\"code\":200}',0,NULL,'2024-04-29 21:53:30',13),(109,'菜品管理',2,'com.ruoyi.merchant.controller.DishController.edit()','PUT',1,'admin','研发部门','/merchant/dish','127.0.0.1','内网IP','{\"createTime\":\"2023-02-09 10:34:36\",\"description\":\"菜品描述\",\"id\":72,\"image\":\"https://sky-take-out.oss-cn-hangzhou.aliyuncs.com/747433e9-27fd-4bd0-98bf-d05fe4c479a1-毛氏红烧肉.jpg\",\"name\":\"红烧肉\",\"params\":{},\"price\":32,\"status\":0,\"tbDishFlavorList\":[{\"dishId\":72,\"id\":157,\"name\":\"辣度\",\"params\":{},\"value\":\"[\\\"微辣\\\"]\"}],\"updateTime\":\"2024-04-29 21:53:36\"}','{\"msg\":\"操作成功\",\"code\":200}',0,NULL,'2024-04-29 21:53:36',9),(110,'菜品管理',2,'com.ruoyi.merchant.controller.DishController.edit()','PUT',1,'admin','研发部门','/merchant/dish','127.0.0.1','内网IP','{\"createTime\":\"2022-06-10 09:55:44\",\"description\":\"原料：西兰花\",\"id\":56,\"image\":\"https://sky-take-out.oss-cn-hangzhou.aliyuncs.com/24f97f89-5e56-4dae-804f-f0508c578331-11.png\",\"name\":\"清炒西兰花\",\"params\":{},\"price\":18,\"status\":0,\"tbDishFlavorList\":[{\"dishId\":56,\"id\":116,\"name\":\"忌口\",\"params\":{},\"value\":\"[\\\"不要葱\\\",\\\"不要蒜\\\",\\\"不要香菜\\\"]\"}],\"updateTime\":\"2024-04-29 21:57:13\"}','{\"msg\":\"操作成功\",\"code\":200}',0,NULL,'2024-04-29 21:57:13',9),(111,'菜品管理',2,'com.ruoyi.merchant.controller.DishController.edit()','PUT',1,'admin','研发部门','/merchant/dish','127.0.0.1','内网IP','{\"createTime\":\"2022-06-10 10:26:03\",\"description\":\"原料：猪肉，梅菜\",\"id\":60,\"image\":\"https://sky-take-out.oss-cn-hangzhou.aliyuncs.com/76bbfd95-2e70-4eb7-b80c-5219ffde57a1-毛氏红烧肉.jpg\",\"name\":\"梅菜扣肉\",\"params\":{},\"price\":58,\"status\":1,\"tbDishFlavorList\":[{\"dishId\":60,\"id\":112,\"name\":\"忌口\",\"params\":{},\"value\":\"[\\\"不要葱\\\",\\\"不要蒜\\\",\\\"不要香菜\\\",\\\"不要辣\\\"]\"},{\"dishId\":60,\"id\":113,\"name\":\"甜味\",\"params\":{},\"value\":\"[\\\"无糖\\\",\\\"少糖\\\",\\\"半糖\\\",\\\"多糖\\\"]\"}],\"updateTime\":\"2024-04-29 21:57:17\"}','{\"msg\":\"操作成功\",\"code\":200}',0,NULL,'2024-04-29 21:57:17',11),(112,'菜品管理',2,'com.ruoyi.merchant.controller.DishController.edit()','PUT',1,'admin','研发部门','/merchant/dish','127.0.0.1','内网IP','{\"createTime\":\"2024-04-29 21:31:27\",\"description\":\"好吃不贵\",\"id\":102,\"image\":\"/profile/upload/2024/04/29/毛血旺_20240429213113A001.jpg\",\"name\":\"毛血旺\",\"params\":{},\"price\":49,\"status\":1,\"tbDishFlavorList\":[{\"dishId\":102,\"id\":179,\"name\":\"忌口\",\"params\":{},\"value\":\"[\\\"不要辣\\\",\\\"不要香菜\\\",\\\"不要蒜\\\"]\"},{\"dishId\":102,\"id\":180,\"name\":\"辣度\",\"params\":{},\"value\":\"[\\\"重辣\\\",\\\"微辣\\\"]\"}],\"updateTime\":\"2024-04-29 21:57:44\"}','{\"msg\":\"操作成功\",\"code\":200}',0,NULL,'2024-04-29 21:57:44',11),(113,'菜品管理',3,'com.ruoyi.merchant.controller.DishController.remove()','DELETE',1,'admin','研发部门','/merchant/dish/102','127.0.0.1','内网IP','{}','{\"msg\":\"操作成功\",\"code\":200}',0,NULL,'2024-04-30 11:12:55',31),(114,'菜品管理',3,'com.ruoyi.merchant.controller.DishController.remove()','DELETE',1,'admin','研发部门','/merchant/dish/47','127.0.0.1','内网IP','{}','{\"msg\":\"操作成功\",\"code\":200}',0,NULL,'2024-04-30 11:13:08',0),(115,'角色管理',2,'com.ruoyi.web.controller.system.SysRoleController.edit()','PUT',1,'admin','研发部门','/system/role','127.0.0.1','内网IP','{\"admin\":false,\"createTime\":\"2024-04-28 22:25:42\",\"dataScope\":\"1\",\"delFlag\":\"0\",\"deptCheckStrictly\":true,\"flag\":false,\"menuCheckStrictly\":true,\"menuIds\":[2035,2036,2006,2007,2008,2009,2010,2011,2037,2038,2039,2040,2041,2042,2043],\"params\":{},\"roleId\":102,\"roleKey\":\"research\",\"roleName\":\"课研人员\",\"roleSort\":3,\"status\":\"0\",\"updateBy\":\"admin\"}','{\"msg\":\"操作成功\",\"code\":200}',0,NULL,'2024-04-30 11:37:01',19),(116,'菜单管理',2,'com.ruoyi.web.controller.system.SysMenuController.edit()','PUT',1,'admin','研发部门','/system/menu','127.0.0.1','内网IP','{\"children\":[],\"createTime\":\"2024-04-29 15:33:05\",\"icon\":\"商家管理\",\"isCache\":\"0\",\"isFrame\":\"1\",\"menuId\":2037,\"menuName\":\"商家管理\",\"menuType\":\"M\",\"orderNum\":1,\"params\":{},\"parentId\":0,\"path\":\"merchant\",\"perms\":\"\",\"status\":\"0\",\"updateBy\":\"admin\",\"visible\":\"0\"}','{\"msg\":\"操作成功\",\"code\":200}',0,NULL,'2024-04-30 12:01:04',13),(117,'菜单管理',2,'com.ruoyi.web.controller.system.SysMenuController.edit()','PUT',1,'admin','研发部门','/system/menu','127.0.0.1','内网IP','{\"children\":[],\"component\":\"course/course/index\",\"createTime\":\"2024-04-23 11:24:08\",\"icon\":\"课程管理\",\"isCache\":\"0\",\"isFrame\":\"1\",\"menuId\":2006,\"menuName\":\"课程管理\",\"menuType\":\"C\",\"orderNum\":1,\"params\":{},\"parentId\":0,\"path\":\"course\",\"perms\":\"course:course:list\",\"status\":\"0\",\"updateBy\":\"admin\",\"visible\":\"0\"}','{\"msg\":\"操作成功\",\"code\":200}',0,NULL,'2024-04-30 12:08:27',6),(118,'菜单管理',2,'com.ruoyi.web.controller.system.SysMenuController.edit()','PUT',1,'admin','研发部门','/system/menu','127.0.0.1','内网IP','{\"children\":[],\"component\":\"merchant/dish/index\",\"createTime\":\"2024-04-29 16:02:33\",\"icon\":\"#\",\"isCache\":\"0\",\"isFrame\":\"1\",\"menuId\":2038,\"menuName\":\"菜品管理\",\"menuType\":\"C\",\"orderNum\":1,\"params\":{},\"parentId\":0,\"path\":\"dish\",\"perms\":\"merchant:dish:list\",\"status\":\"0\",\"updateBy\":\"admin\",\"visible\":\"0\"}','{\"msg\":\"操作成功\",\"code\":200}',0,NULL,'2024-04-30 12:58:46',0),(119,'菜单管理',3,'com.ruoyi.web.controller.system.SysMenuController.remove()','DELETE',1,'admin','研发部门','/system/menu/2037','127.0.0.1','内网IP','{}','{\"msg\":\"菜单已分配,不允许删除\",\"code\":601}',0,NULL,'2024-04-30 12:58:51',0),(120,'菜单管理',2,'com.ruoyi.web.controller.system.SysMenuController.edit()','PUT',1,'admin','研发部门','/system/menu','127.0.0.1','内网IP','{\"children\":[],\"createTime\":\"2024-04-29 15:33:05\",\"icon\":\"商家管理\",\"isCache\":\"0\",\"isFrame\":\"1\",\"menuId\":2037,\"menuName\":\"商家管理\",\"menuType\":\"M\",\"orderNum\":1,\"params\":{},\"parentId\":0,\"path\":\"merchant\",\"perms\":\"\",\"status\":\"1\",\"updateBy\":\"admin\",\"visible\":\"1\"}','{\"msg\":\"操作成功\",\"code\":200}',0,NULL,'2024-04-30 12:59:00',0),(121,'菜单管理',3,'com.ruoyi.web.controller.system.SysMenuController.remove()','DELETE',1,'admin','研发部门','/system/menu/2037','127.0.0.1','内网IP','{}','{\"msg\":\"菜单已分配,不允许删除\",\"code\":601}',0,NULL,'2024-04-30 12:59:03',13),(122,'角色管理',2,'com.ruoyi.web.controller.system.SysRoleController.edit()','PUT',1,'admin','研发部门','/system/role','127.0.0.1','内网IP','{\"admin\":false,\"createTime\":\"2024-04-28 22:25:42\",\"dataScope\":\"1\",\"delFlag\":\"0\",\"deptCheckStrictly\":true,\"flag\":false,\"menuCheckStrictly\":true,\"menuIds\":[2035,2036,2006,2007,2008,2009,2010,2011,2038,2039,2040,2041,2042,2043],\"params\":{},\"roleId\":102,\"roleKey\":\"research\",\"roleName\":\"课研人员\",\"roleSort\":3,\"status\":\"0\",\"updateBy\":\"admin\"}','{\"msg\":\"操作成功\",\"code\":200}',0,NULL,'2024-04-30 12:59:13',12),(123,'角色管理',2,'com.ruoyi.web.controller.system.SysRoleController.edit()','PUT',1,'admin','研发部门','/system/role','127.0.0.1','内网IP','{\"admin\":false,\"createTime\":\"2024-04-28 22:25:42\",\"dataScope\":\"1\",\"delFlag\":\"0\",\"deptCheckStrictly\":true,\"flag\":false,\"menuCheckStrictly\":true,\"menuIds\":[2035,2036,2006,2007,2008,2009,2010,2011],\"params\":{},\"roleId\":102,\"roleKey\":\"research\",\"roleName\":\"课研人员\",\"roleSort\":3,\"status\":\"0\",\"updateBy\":\"admin\"}','{\"msg\":\"操作成功\",\"code\":200}',0,NULL,'2024-04-30 12:59:16',14),(124,'菜单管理',2,'com.ruoyi.web.controller.system.SysMenuController.edit()','PUT',1,'admin','研发部门','/system/menu','127.0.0.1','内网IP','{\"children\":[],\"component\":\"merchant/dish/index\",\"createTime\":\"2024-04-29 16:02:33\",\"icon\":\"菜品管理\",\"isCache\":\"0\",\"isFrame\":\"1\",\"menuId\":2038,\"menuName\":\"菜品管理\",\"menuType\":\"C\",\"orderNum\":1,\"params\":{},\"parentId\":0,\"path\":\"dish\",\"perms\":\"merchant:dish:list\",\"status\":\"0\",\"updateBy\":\"admin\",\"visible\":\"0\"}','{\"msg\":\"操作成功\",\"code\":200}',0,NULL,'2024-04-30 13:08:59',5),(125,'角色管理',1,'com.ruoyi.web.controller.system.SysRoleController.add()','POST',1,'admin','研发部门','/system/role','127.0.0.1','内网IP','{\"admin\":false,\"createBy\":\"admin\",\"deptCheckStrictly\":true,\"deptIds\":[],\"flag\":false,\"menuCheckStrictly\":true,\"menuIds\":[2037],\"params\":{},\"roleId\":103,\"roleKey\":\"merchant\",\"roleName\":\"外卖商家\",\"roleSort\":4,\"status\":\"0\"}','{\"msg\":\"操作成功\",\"code\":200}',0,NULL,'2024-04-30 13:21:28',10),(126,'用户管理',2,'com.ruoyi.web.controller.system.SysUserController.edit()','PUT',1,'admin','研发部门','/system/user','127.0.0.1','内网IP','{\"admin\":false,\"avatar\":\"\",\"createBy\":\"admin\",\"createTime\":\"2024-04-28 22:26:38\",\"delFlag\":\"0\",\"email\":\"\",\"loginDate\":\"2024-04-30 12:50:09\",\"loginIp\":\"127.0.0.1\",\"nickName\":\"小智\",\"params\":{},\"phonenumber\":\"\",\"postIds\":[],\"roleIds\":[103],\"roles\":[{\"admin\":false,\"dataScope\":\"1\",\"deptCheckStrictly\":false,\"flag\":false,\"menuCheckStrictly\":false,\"params\":{},\"roleId\":102,\"roleKey\":\"research\",\"roleName\":\"课研人员\",\"roleSort\":3,\"status\":\"0\"}],\"sex\":\"0\",\"status\":\"0\",\"updateBy\":\"admin\",\"userId\":102,\"userName\":\"xiaozhi\"}','{\"msg\":\"操作成功\",\"code\":200}',0,NULL,'2024-04-30 13:21:40',19),(127,'角色管理',2,'com.ruoyi.web.controller.system.SysRoleController.edit()','PUT',1,'admin','研发部门','/system/role','127.0.0.1','内网IP','{\"admin\":false,\"createTime\":\"2024-04-30 13:21:28\",\"dataScope\":\"1\",\"delFlag\":\"0\",\"deptCheckStrictly\":true,\"flag\":false,\"menuCheckStrictly\":true,\"menuIds\":[2037],\"params\":{},\"roleId\":103,\"roleKey\":\"merchant\",\"roleName\":\"外卖商家\",\"roleSort\":4,\"status\":\"0\",\"updateBy\":\"admin\"}','{\"msg\":\"操作成功\",\"code\":200}',0,NULL,'2024-04-30 13:23:04',14),(128,'用户管理',2,'com.ruoyi.web.controller.system.SysUserController.edit()','PUT',1,'admin','研发部门','/system/user','127.0.0.1','内网IP','{\"admin\":false,\"avatar\":\"\",\"createBy\":\"admin\",\"createTime\":\"2024-04-28 22:26:38\",\"delFlag\":\"0\",\"email\":\"\",\"loginDate\":\"2024-04-30 13:22:23\",\"loginIp\":\"127.0.0.1\",\"nickName\":\"小智\",\"params\":{},\"phonenumber\":\"\",\"postIds\":[],\"roleIds\":[103],\"roles\":[{\"admin\":false,\"dataScope\":\"1\",\"deptCheckStrictly\":false,\"flag\":false,\"menuCheckStrictly\":false,\"params\":{},\"roleId\":103,\"roleKey\":\"merchant\",\"roleName\":\"外卖商家\",\"roleSort\":4,\"status\":\"0\"}],\"sex\":\"0\",\"status\":\"0\",\"updateBy\":\"admin\",\"userId\":102,\"userName\":\"xiaozhi\"}','{\"msg\":\"操作成功\",\"code\":200}',0,NULL,'2024-04-30 13:23:11',11),(129,'角色管理',2,'com.ruoyi.web.controller.system.SysRoleController.edit()','PUT',1,'admin','研发部门','/system/role','127.0.0.1','内网IP','{\"admin\":false,\"createTime\":\"2024-04-30 13:21:28\",\"dataScope\":\"1\",\"delFlag\":\"0\",\"deptCheckStrictly\":true,\"flag\":false,\"menuCheckStrictly\":true,\"menuIds\":[2038,2039,2040,2041,2042,2043],\"params\":{},\"roleId\":103,\"roleKey\":\"merchant\",\"roleName\":\"外卖商家\",\"roleSort\":4,\"status\":\"0\",\"updateBy\":\"admin\"}','{\"msg\":\"操作成功\",\"code\":200}',0,NULL,'2024-04-30 13:23:23',12),(130,'代码生成',2,'com.sky.generator.controller.GenController.editSave()','PUT',1,'admin','研发部门','/tool/gen','127.0.0.1','内网IP','{\"businessName\":\"flavor\",\"className\":\"DishFlavor\",\"columns\":[{\"capJavaField\":\"Id\",\"columnComment\":\"主键\",\"columnId\":121,\"columnName\":\"id\",\"columnType\":\"bigint\",\"createBy\":\"admin\",\"createTime\":\"2024-04-29 15:19:57\",\"dictType\":\"\",\"edit\":false,\"htmlType\":\"input\",\"increment\":true,\"insert\":false,\"isIncrement\":\"1\",\"isInsert\":\"0\",\"isPk\":\"1\",\"isRequired\":\"0\",\"javaField\":\"id\",\"javaType\":\"Long\",\"list\":false,\"params\":{},\"pk\":true,\"query\":false,\"queryType\":\"EQ\",\"required\":false,\"sort\":1,\"superColumn\":false,\"tableId\":12,\"updateBy\":\"\",\"updateTime\":\"2024-04-29 20:11:04\",\"usableColumn\":false},{\"capJavaField\":\"DishId\",\"columnComment\":\"菜品\",\"columnId\":122,\"columnName\":\"dish_id\",\"columnType\":\"bigint\",\"createBy\":\"admin\",\"createTime\":\"2024-04-29 15:19:57\",\"dictType\":\"\",\"edit\":true,\"htmlType\":\"input\",\"increment\":false,\"insert\":true,\"isEdit\":\"1\",\"isIncrement\":\"0\",\"isInsert\":\"1\",\"isList\":\"1\",\"isPk\":\"0\",\"isQuery\":\"1\",\"isRequired\":\"1\",\"javaField\":\"dishId\",\"javaType\":\"Long\",\"list\":true,\"params\":{},\"pk\":false,\"query\":true,\"queryType\":\"EQ\",\"required\":true,\"sort\":2,\"superColumn\":false,\"tableId\":12,\"updateBy\":\"\",\"updateTime\":\"2024-04-29 20:11:04\",\"usableColumn\":false},{\"capJavaField\":\"Name\",\"columnComment\":\"口味名称\",\"columnId\":123,\"columnName\":\"name\",\"columnType\":\"varchar(32)\",\"createBy\":\"admin\",\"createTime\":\"2024-04-29 15:19:57\",\"dictType\":\"\",\"edit\":true,\"htmlType\":\"input\",\"increment\":false,\"insert\":true,\"isEdit\":\"1\",\"isIncrement\":\"0\",\"isInsert\":\"1\",\"isList\":\"1\",\"isPk\":\"0\",\"isQuery\":\"1\",\"isRequired\":\"1\",\"javaField\":\"name\",\"javaType\":\"String\",\"list\":true,\"params\":{},\"pk\":false,\"query\":true,\"queryType\":\"EQ\",\"required\":true,\"sort\":3,\"superColumn\":false,\"tableId\":12,\"updateBy\":\"\",\"updateTime\":\"2024-04-29 20:11:04\",\"usableColumn\":false},{\"capJavaField\":\"Value\",\"columnComment\":\"口味数据list\",\"columnId\":124,\"columnName\":\"value\",\"columnType\":\"varchar(255)\",\"createBy\":\"admin\",\"createTime\":\"2024-04-29 15:19:57\",\"dictType\":\"\",\"edit\":true,\"htmlType\":\"input\",\"increment\":false,\"insert\":true,\"isEdit\":\"1\",\"isIncrement\":\"','{\"msg\":\"操作成功\",\"code\":200}',0,NULL,'2024-04-30 15:42:59',54),(131,'代码生成',8,'com.sky.generator.controller.GenController.batchGenCode()','GET',1,'admin','研发部门','/tool/gen/batchGenCode','127.0.0.1','内网IP','{\"tables\":\"tb_dish\"}',NULL,0,NULL,'2024-04-30 15:43:08',596),(132,'代码生成',2,'com.sky.generator.controller.GenController.editSave()','PUT',1,'admin','研发部门','/tool/gen','127.0.0.1','内网IP','{\"businessName\":\"dish\",\"className\":\"Dish\",\"columns\":[{\"capJavaField\":\"Id\",\"columnComment\":\"主键\",\"columnId\":113,\"columnName\":\"id\",\"columnType\":\"bigint\",\"createBy\":\"admin\",\"createTime\":\"2024-04-29 15:19:57\",\"dictType\":\"\",\"edit\":false,\"htmlType\":\"input\",\"increment\":true,\"insert\":false,\"isIncrement\":\"1\",\"isInsert\":\"0\",\"isPk\":\"1\",\"isRequired\":\"0\",\"javaField\":\"id\",\"javaType\":\"Long\",\"list\":false,\"params\":{},\"pk\":true,\"query\":false,\"queryType\":\"EQ\",\"required\":false,\"sort\":1,\"superColumn\":false,\"tableId\":11,\"updateBy\":\"\",\"updateTime\":\"2024-04-29 16:16:15\",\"usableColumn\":false},{\"capJavaField\":\"Name\",\"columnComment\":\"菜品名称\",\"columnId\":114,\"columnName\":\"name\",\"columnType\":\"varchar(32)\",\"createBy\":\"admin\",\"createTime\":\"2024-04-29 15:19:57\",\"dictType\":\"\",\"edit\":true,\"htmlType\":\"input\",\"increment\":false,\"insert\":true,\"isEdit\":\"1\",\"isIncrement\":\"0\",\"isInsert\":\"1\",\"isList\":\"1\",\"isPk\":\"0\",\"isQuery\":\"1\",\"isRequired\":\"1\",\"javaField\":\"name\",\"javaType\":\"String\",\"list\":true,\"params\":{},\"pk\":false,\"query\":true,\"queryType\":\"LIKE\",\"required\":true,\"sort\":2,\"superColumn\":false,\"tableId\":11,\"updateBy\":\"\",\"updateTime\":\"2024-04-29 16:16:15\",\"usableColumn\":false},{\"capJavaField\":\"Price\",\"columnComment\":\"菜品价格\",\"columnId\":115,\"columnName\":\"price\",\"columnType\":\"decimal(10,2)\",\"createBy\":\"admin\",\"createTime\":\"2024-04-29 15:19:57\",\"dictType\":\"\",\"edit\":true,\"htmlType\":\"input\",\"increment\":false,\"insert\":true,\"isEdit\":\"1\",\"isIncrement\":\"0\",\"isInsert\":\"1\",\"isList\":\"1\",\"isPk\":\"0\",\"isQuery\":\"0\",\"isRequired\":\"1\",\"javaField\":\"price\",\"javaType\":\"BigDecimal\",\"list\":true,\"params\":{},\"pk\":false,\"query\":false,\"queryType\":\"EQ\",\"required\":true,\"sort\":3,\"superColumn\":false,\"tableId\":11,\"updateBy\":\"\",\"updateTime\":\"2024-04-29 16:16:15\",\"usableColumn\":false},{\"capJavaField\":\"Image\",\"columnComment\":\"图片\",\"columnId\":116,\"columnName\":\"image\",\"columnType\":\"varchar(255)\",\"createBy\":\"admin\",\"createTime\":\"2024-04-29 15:19:57\",\"dictType\":\"\",\"edit\":true,\"htmlType\":\"imageUpload\",\"increment\":false,\"insert\":true,\"isEdit\":\"1\",\"isIncrem','{\"msg\":\"操作成功\",\"code\":200}',0,NULL,'2024-04-30 15:44:05',51),(133,'代码生成',8,'com.sky.generator.controller.GenController.batchGenCode()','GET',1,'admin','研发部门','/tool/gen/batchGenCode','127.0.0.1','内网IP','{\"tables\":\"tb_dish\"}',NULL,0,NULL,'2024-04-30 15:44:07',155),(134,'代码生成',2,'com.sky.generator.controller.GenController.editSave()','PUT',1,'admin','研发部门','/tool/gen','127.0.0.1','内网IP','{\"businessName\":\"flavor\",\"className\":\"DishFlavor\",\"columns\":[{\"capJavaField\":\"Id\",\"columnComment\":\"主键\",\"columnId\":121,\"columnName\":\"id\",\"columnType\":\"bigint\",\"createBy\":\"admin\",\"createTime\":\"2024-04-29 15:19:57\",\"dictType\":\"\",\"edit\":false,\"htmlType\":\"input\",\"increment\":true,\"insert\":false,\"isIncrement\":\"1\",\"isInsert\":\"0\",\"isPk\":\"1\",\"isRequired\":\"0\",\"javaField\":\"id\",\"javaType\":\"Long\",\"list\":false,\"params\":{},\"pk\":true,\"query\":false,\"queryType\":\"EQ\",\"required\":false,\"sort\":1,\"superColumn\":false,\"tableId\":12,\"updateBy\":\"\",\"updateTime\":\"2024-04-30 15:42:59\",\"usableColumn\":false},{\"capJavaField\":\"DishId\",\"columnComment\":\"菜品\",\"columnId\":122,\"columnName\":\"dish_id\",\"columnType\":\"bigint\",\"createBy\":\"admin\",\"createTime\":\"2024-04-29 15:19:57\",\"dictType\":\"\",\"edit\":true,\"htmlType\":\"input\",\"increment\":false,\"insert\":true,\"isEdit\":\"1\",\"isIncrement\":\"0\",\"isInsert\":\"1\",\"isList\":\"1\",\"isPk\":\"0\",\"isQuery\":\"1\",\"isRequired\":\"1\",\"javaField\":\"dishId\",\"javaType\":\"Long\",\"list\":true,\"params\":{},\"pk\":false,\"query\":true,\"queryType\":\"EQ\",\"required\":true,\"sort\":2,\"superColumn\":false,\"tableId\":12,\"updateBy\":\"\",\"updateTime\":\"2024-04-30 15:42:59\",\"usableColumn\":false},{\"capJavaField\":\"Name\",\"columnComment\":\"口味名称\",\"columnId\":123,\"columnName\":\"name\",\"columnType\":\"varchar(32)\",\"createBy\":\"admin\",\"createTime\":\"2024-04-29 15:19:57\",\"dictType\":\"flavor_name\",\"edit\":true,\"htmlType\":\"select\",\"increment\":false,\"insert\":true,\"isEdit\":\"1\",\"isIncrement\":\"0\",\"isInsert\":\"1\",\"isList\":\"1\",\"isPk\":\"0\",\"isQuery\":\"1\",\"isRequired\":\"1\",\"javaField\":\"name\",\"javaType\":\"String\",\"list\":true,\"params\":{},\"pk\":false,\"query\":true,\"queryType\":\"EQ\",\"required\":true,\"sort\":3,\"superColumn\":false,\"tableId\":12,\"updateBy\":\"\",\"updateTime\":\"2024-04-30 15:42:59\",\"usableColumn\":false},{\"capJavaField\":\"Value\",\"columnComment\":\"口味列表\",\"columnId\":124,\"columnName\":\"value\",\"columnType\":\"varchar(255)\",\"createBy\":\"admin\",\"createTime\":\"2024-04-29 15:19:57\",\"dictType\":\"\",\"edit\":true,\"htmlType\":\"select\",\"increment\":false,\"insert\":true,\"isEdit\":\"1\",\"isInc','{\"msg\":\"操作成功\",\"code\":200}',0,NULL,'2024-04-30 15:48:48',62),(135,'代码生成',2,'com.sky.generator.controller.GenController.editSave()','PUT',1,'admin','研发部门','/tool/gen','127.0.0.1','内网IP','{\"businessName\":\"flavor\",\"className\":\"DishFlavor\",\"columns\":[{\"capJavaField\":\"Id\",\"columnComment\":\"主键\",\"columnId\":121,\"columnName\":\"id\",\"columnType\":\"bigint\",\"createBy\":\"admin\",\"createTime\":\"2024-04-29 15:19:57\",\"dictType\":\"\",\"edit\":false,\"htmlType\":\"input\",\"increment\":true,\"insert\":false,\"isIncrement\":\"1\",\"isInsert\":\"0\",\"isPk\":\"1\",\"isRequired\":\"0\",\"javaField\":\"id\",\"javaType\":\"Long\",\"list\":false,\"params\":{},\"pk\":true,\"query\":false,\"queryType\":\"EQ\",\"required\":false,\"sort\":1,\"superColumn\":false,\"tableId\":12,\"updateBy\":\"\",\"updateTime\":\"2024-04-30 15:48:48\",\"usableColumn\":false},{\"capJavaField\":\"DishId\",\"columnComment\":\"菜品\",\"columnId\":122,\"columnName\":\"dish_id\",\"columnType\":\"bigint\",\"createBy\":\"admin\",\"createTime\":\"2024-04-29 15:19:57\",\"dictType\":\"\",\"edit\":true,\"htmlType\":\"input\",\"increment\":false,\"insert\":true,\"isEdit\":\"1\",\"isIncrement\":\"0\",\"isInsert\":\"1\",\"isList\":\"1\",\"isPk\":\"0\",\"isQuery\":\"1\",\"isRequired\":\"1\",\"javaField\":\"dishId\",\"javaType\":\"Long\",\"list\":true,\"params\":{},\"pk\":false,\"query\":true,\"queryType\":\"EQ\",\"required\":true,\"sort\":2,\"superColumn\":false,\"tableId\":12,\"updateBy\":\"\",\"updateTime\":\"2024-04-30 15:48:48\",\"usableColumn\":false},{\"capJavaField\":\"Name\",\"columnComment\":\"口味名称\",\"columnId\":123,\"columnName\":\"name\",\"columnType\":\"varchar(32)\",\"createBy\":\"admin\",\"createTime\":\"2024-04-29 15:19:57\",\"dictType\":\"flavor_name\",\"edit\":true,\"htmlType\":\"select\",\"increment\":false,\"insert\":true,\"isEdit\":\"1\",\"isIncrement\":\"0\",\"isInsert\":\"1\",\"isList\":\"1\",\"isPk\":\"0\",\"isQuery\":\"1\",\"isRequired\":\"1\",\"javaField\":\"name\",\"javaType\":\"String\",\"list\":true,\"params\":{},\"pk\":false,\"query\":true,\"queryType\":\"EQ\",\"required\":true,\"sort\":3,\"superColumn\":false,\"tableId\":12,\"updateBy\":\"\",\"updateTime\":\"2024-04-30 15:48:48\",\"usableColumn\":false},{\"capJavaField\":\"Value\",\"columnComment\":\"口味列表\",\"columnId\":124,\"columnName\":\"value\",\"columnType\":\"varchar(255)\",\"createBy\":\"admin\",\"createTime\":\"2024-04-29 15:19:57\",\"dictType\":\"\",\"edit\":true,\"htmlType\":\"select\",\"increment\":false,\"insert\":true,\"isEdit\":\"1\",\"isInc','{\"msg\":\"操作成功\",\"code\":200}',0,NULL,'2024-04-30 15:49:02',23),(136,'代码生成',2,'com.sky.generator.controller.GenController.editSave()','PUT',1,'admin','研发部门','/tool/gen','127.0.0.1','内网IP','{\"businessName\":\"flavor\",\"className\":\"DishFlavor\",\"columns\":[{\"capJavaField\":\"Id\",\"columnComment\":\"主键\",\"columnId\":121,\"columnName\":\"id\",\"columnType\":\"bigint\",\"createBy\":\"admin\",\"createTime\":\"2024-04-29 15:19:57\",\"dictType\":\"\",\"edit\":false,\"htmlType\":\"input\",\"increment\":true,\"insert\":false,\"isIncrement\":\"1\",\"isInsert\":\"0\",\"isPk\":\"1\",\"isRequired\":\"0\",\"javaField\":\"id\",\"javaType\":\"Long\",\"list\":false,\"params\":{},\"pk\":true,\"query\":false,\"queryType\":\"EQ\",\"required\":false,\"sort\":1,\"superColumn\":false,\"tableId\":12,\"updateBy\":\"\",\"updateTime\":\"2024-04-30 15:49:02\",\"usableColumn\":false},{\"capJavaField\":\"DishId\",\"columnComment\":\"菜品\",\"columnId\":122,\"columnName\":\"dish_id\",\"columnType\":\"bigint\",\"createBy\":\"admin\",\"createTime\":\"2024-04-29 15:19:57\",\"dictType\":\"\",\"edit\":true,\"htmlType\":\"input\",\"increment\":false,\"insert\":true,\"isEdit\":\"1\",\"isIncrement\":\"0\",\"isInsert\":\"1\",\"isList\":\"1\",\"isPk\":\"0\",\"isQuery\":\"1\",\"isRequired\":\"0\",\"javaField\":\"dishId\",\"javaType\":\"Long\",\"list\":true,\"params\":{},\"pk\":false,\"query\":true,\"queryType\":\"EQ\",\"required\":false,\"sort\":2,\"superColumn\":false,\"tableId\":12,\"updateBy\":\"\",\"updateTime\":\"2024-04-30 15:49:02\",\"usableColumn\":false},{\"capJavaField\":\"Name\",\"columnComment\":\"口味名称\",\"columnId\":123,\"columnName\":\"name\",\"columnType\":\"varchar(32)\",\"createBy\":\"admin\",\"createTime\":\"2024-04-29 15:19:57\",\"dictType\":\"flavor_name\",\"edit\":true,\"htmlType\":\"select\",\"increment\":false,\"insert\":true,\"isEdit\":\"1\",\"isIncrement\":\"0\",\"isInsert\":\"1\",\"isList\":\"1\",\"isPk\":\"0\",\"isQuery\":\"1\",\"isRequired\":\"0\",\"javaField\":\"name\",\"javaType\":\"String\",\"list\":true,\"params\":{},\"pk\":false,\"query\":true,\"queryType\":\"EQ\",\"required\":false,\"sort\":3,\"superColumn\":false,\"tableId\":12,\"updateBy\":\"\",\"updateTime\":\"2024-04-30 15:49:02\",\"usableColumn\":false},{\"capJavaField\":\"Value\",\"columnComment\":\"口味列表\",\"columnId\":124,\"columnName\":\"value\",\"columnType\":\"varchar(255)\",\"createBy\":\"admin\",\"createTime\":\"2024-04-29 15:19:57\",\"dictType\":\"\",\"edit\":true,\"htmlType\":\"select\",\"increment\":false,\"insert\":true,\"isEdit\":\"1\",\"isI','{\"msg\":\"操作成功\",\"code\":200}',0,NULL,'2024-04-30 15:49:47',29),(137,'代码生成',2,'com.sky.generator.controller.GenController.editSave()','PUT',1,'admin','研发部门','/tool/gen','127.0.0.1','内网IP','{\"businessName\":\"dish\",\"className\":\"Dish\",\"columns\":[{\"capJavaField\":\"Id\",\"columnComment\":\"主键\",\"columnId\":113,\"columnName\":\"id\",\"columnType\":\"bigint\",\"createBy\":\"admin\",\"createTime\":\"2024-04-29 15:19:57\",\"dictType\":\"\",\"edit\":false,\"htmlType\":\"input\",\"increment\":true,\"insert\":false,\"isIncrement\":\"1\",\"isInsert\":\"0\",\"isPk\":\"1\",\"isRequired\":\"0\",\"javaField\":\"id\",\"javaType\":\"Long\",\"list\":false,\"params\":{},\"pk\":true,\"query\":false,\"queryType\":\"EQ\",\"required\":false,\"sort\":1,\"superColumn\":false,\"tableId\":11,\"updateBy\":\"\",\"updateTime\":\"2024-04-30 15:44:05\",\"usableColumn\":false},{\"capJavaField\":\"Name\",\"columnComment\":\"菜品名称\",\"columnId\":114,\"columnName\":\"name\",\"columnType\":\"varchar(32)\",\"createBy\":\"admin\",\"createTime\":\"2024-04-29 15:19:57\",\"dictType\":\"\",\"edit\":true,\"htmlType\":\"input\",\"increment\":false,\"insert\":true,\"isEdit\":\"1\",\"isIncrement\":\"0\",\"isInsert\":\"1\",\"isList\":\"1\",\"isPk\":\"0\",\"isQuery\":\"1\",\"isRequired\":\"1\",\"javaField\":\"name\",\"javaType\":\"String\",\"list\":true,\"params\":{},\"pk\":false,\"query\":true,\"queryType\":\"LIKE\",\"required\":true,\"sort\":2,\"superColumn\":false,\"tableId\":11,\"updateBy\":\"\",\"updateTime\":\"2024-04-30 15:44:05\",\"usableColumn\":false},{\"capJavaField\":\"Price\",\"columnComment\":\"菜品价格\",\"columnId\":115,\"columnName\":\"price\",\"columnType\":\"decimal(10,2)\",\"createBy\":\"admin\",\"createTime\":\"2024-04-29 15:19:57\",\"dictType\":\"\",\"edit\":true,\"htmlType\":\"input\",\"increment\":false,\"insert\":true,\"isEdit\":\"1\",\"isIncrement\":\"0\",\"isInsert\":\"1\",\"isList\":\"1\",\"isPk\":\"0\",\"isQuery\":\"0\",\"isRequired\":\"1\",\"javaField\":\"price\",\"javaType\":\"BigDecimal\",\"list\":true,\"params\":{},\"pk\":false,\"query\":false,\"queryType\":\"EQ\",\"required\":true,\"sort\":3,\"superColumn\":false,\"tableId\":11,\"updateBy\":\"\",\"updateTime\":\"2024-04-30 15:44:05\",\"usableColumn\":false},{\"capJavaField\":\"Image\",\"columnComment\":\"图片\",\"columnId\":116,\"columnName\":\"image\",\"columnType\":\"varchar(255)\",\"createBy\":\"admin\",\"createTime\":\"2024-04-29 15:19:57\",\"dictType\":\"\",\"edit\":true,\"htmlType\":\"imageUpload\",\"increment\":false,\"insert\":true,\"isEdit\":\"1\",\"isIncrem','{\"msg\":\"操作成功\",\"code\":200}',0,NULL,'2024-04-30 15:49:55',44),(138,'菜品管理',2,'com.sky.merchant.controller.DishController.edit()','PUT',1,'admin','研发部门','/merchant/dish','127.0.0.1','内网IP','{\"createTime\":\"2023-04-13 23:13:18\",\"description\":\"干锅藕片\",\"dishFlavorList\":[{\"dishId\":96,\"id\":166,\"name\":\"辣度\",\"params\":{},\"value\":\"[\\\"微辣\\\",\\\"中辣\\\"]\"},{\"dishId\":96,\"name\":\"辣度\",\"params\":{},\"value\":\"[\\\"重辣\\\",\\\"微辣\\\",\\\"不辣\\\"]\"}],\"id\":96,\"image\":\"https://sky-heima.oss-cn-beijing.aliyuncs.com/images/2023/04/13/1681398783756-干锅藕片.jpg\",\"name\":\"干锅藕片\",\"params\":{},\"price\":28,\"status\":1,\"updateTime\":\"2024-04-30 16:05:51\"}','{\"msg\":\"操作成功\",\"code\":200}',0,NULL,'2024-04-30 16:05:51',35),(139,'菜品管理',2,'com.sky.merchant.controller.DishController.edit()','PUT',1,'admin','研发部门','/merchant/dish','127.0.0.1','内网IP','{\"createTime\":\"2022-06-10 09:34:28\",\"description\":\"优质面粉\",\"dishFlavorList\":[{\"dishId\":50,\"name\":\"甜味\",\"params\":{},\"value\":\"[\\\"多糖\\\",\\\"少糖\\\"]\"}],\"id\":50,\"image\":\"https://sky-heima.oss-cn-beijing.aliyuncs.com/images/2023/04/14/1681436083461-馒头.jpg\",\"name\":\"馒头\",\"params\":{},\"price\":1,\"status\":1,\"updateTime\":\"2024-04-30 16:07:28\"}','{\"msg\":\"操作成功\",\"code\":200}',0,NULL,'2024-04-30 16:07:28',15),(140,'代码生成',2,'com.sky.generator.controller.GenController.editSave()','PUT',1,'admin','研发部门','/tool/gen','127.0.0.1','内网IP','{\"businessName\":\"flavor\",\"className\":\"DishFlavor\",\"columns\":[{\"capJavaField\":\"Id\",\"columnComment\":\"主键\",\"columnId\":121,\"columnName\":\"id\",\"columnType\":\"bigint\",\"createBy\":\"admin\",\"createTime\":\"2024-04-29 15:19:57\",\"dictType\":\"\",\"edit\":false,\"htmlType\":\"input\",\"increment\":true,\"insert\":false,\"isIncrement\":\"1\",\"isInsert\":\"0\",\"isPk\":\"1\",\"isRequired\":\"0\",\"javaField\":\"id\",\"javaType\":\"Long\",\"list\":false,\"params\":{},\"pk\":true,\"query\":false,\"queryType\":\"EQ\",\"required\":false,\"sort\":1,\"superColumn\":false,\"tableId\":12,\"updateBy\":\"\",\"updateTime\":\"2024-04-30 15:49:47\",\"usableColumn\":false},{\"capJavaField\":\"DishId\",\"columnComment\":\"菜品\",\"columnId\":122,\"columnName\":\"dish_id\",\"columnType\":\"bigint\",\"createBy\":\"admin\",\"createTime\":\"2024-04-29 15:19:57\",\"dictType\":\"\",\"edit\":true,\"htmlType\":\"input\",\"increment\":false,\"insert\":true,\"isEdit\":\"1\",\"isIncrement\":\"0\",\"isInsert\":\"1\",\"isList\":\"1\",\"isPk\":\"0\",\"isQuery\":\"1\",\"isRequired\":\"0\",\"javaField\":\"dishId\",\"javaType\":\"Long\",\"list\":true,\"params\":{},\"pk\":false,\"query\":true,\"queryType\":\"EQ\",\"required\":false,\"sort\":2,\"superColumn\":false,\"tableId\":12,\"updateBy\":\"\",\"updateTime\":\"2024-04-30 15:49:47\",\"usableColumn\":false},{\"capJavaField\":\"Name\",\"columnComment\":\"口味名称\",\"columnId\":123,\"columnName\":\"name\",\"columnType\":\"varchar(32)\",\"createBy\":\"admin\",\"createTime\":\"2024-04-29 15:19:57\",\"dictType\":\"\",\"edit\":true,\"htmlType\":\"select\",\"increment\":false,\"insert\":true,\"isEdit\":\"1\",\"isIncrement\":\"0\",\"isInsert\":\"1\",\"isList\":\"1\",\"isPk\":\"0\",\"isQuery\":\"1\",\"isRequired\":\"0\",\"javaField\":\"name\",\"javaType\":\"String\",\"list\":true,\"params\":{},\"pk\":false,\"query\":true,\"queryType\":\"EQ\",\"required\":false,\"sort\":3,\"superColumn\":false,\"tableId\":12,\"updateBy\":\"\",\"updateTime\":\"2024-04-30 15:49:47\",\"usableColumn\":false},{\"capJavaField\":\"Value\",\"columnComment\":\"口味列表\",\"columnId\":124,\"columnName\":\"value\",\"columnType\":\"varchar(255)\",\"createBy\":\"admin\",\"createTime\":\"2024-04-29 15:19:57\",\"dictType\":\"\",\"edit\":true,\"htmlType\":\"select\",\"increment\":false,\"insert\":true,\"isEdit\":\"1\",\"isIncrement\":\"','{\"msg\":\"操作成功\",\"code\":200}',0,NULL,'2024-04-30 16:08:31',20),(141,'菜品管理',2,'com.sky.merchant.controller.DishController.edit()','PUT',1,'admin','研发部门','/merchant/dish','127.0.0.1','内网IP','{\"createTime\":\"2022-06-10 09:34:28\",\"description\":\"优质面粉\",\"dishFlavorList\":[{\"dishId\":50,\"id\":185,\"name\":\"甜味\",\"params\":{},\"value\":\"[\\\"多糖\\\",\\\"少糖\\\"]\"},{\"dishId\":50,\"name\":\"忌口\",\"params\":{},\"value\":\"[\\\"不要香菜\\\",\\\"不要蒜\\\"]\"}],\"id\":50,\"image\":\"https://sky-heima.oss-cn-beijing.aliyuncs.com/images/2023/04/14/1681436083461-馒头.jpg\",\"name\":\"馒头\",\"params\":{},\"price\":1,\"status\":1,\"updateTime\":\"2024-04-30 16:13:15\"}','{\"msg\":\"操作成功\",\"code\":200}',0,NULL,'2024-04-30 16:13:15',16),(142,'菜品管理',2,'com.sky.merchant.controller.DishController.edit()','PUT',1,'admin','研发部门','/merchant/dish','127.0.0.1','内网IP','{\"createTime\":\"2022-06-10 10:26:03\",\"description\":\"原料：猪肉，梅菜\",\"dishFlavorList\":[{\"dishId\":60,\"id\":112,\"name\":\"忌口\",\"params\":{},\"value\":\"[\\\"不要葱\\\",\\\"不要蒜\\\",\\\"不要香菜\\\",\\\"不要辣\\\"]\"},{\"dishId\":60,\"id\":113,\"name\":\"甜味\",\"params\":{},\"value\":\"[\\\"无糖\\\",\\\"少糖\\\",\\\"半糖\\\",\\\"多糖\\\"]\"}],\"id\":60,\"image\":\"https://sky-take-out.oss-cn-hangzhou.aliyuncs.com/76bbfd95-2e70-4eb7-b80c-5219ffde57a1-毛氏红烧肉.jpg\",\"name\":\"梅菜扣肉\",\"params\":{},\"price\":58,\"status\":1,\"updateTime\":\"2024-04-30 16:16:55\"}','{\"msg\":\"操作成功\",\"code\":200}',0,NULL,'2024-04-30 16:16:55',26),(143,'菜单管理',2,'com.ruoyi.web.controller.system.SysMenuController.edit()','PUT',1,'admin','研发部门','/system/menu','127.0.0.1','内网IP','{\"children\":[],\"component\":\"merchant/dish/index\",\"createTime\":\"2024-04-29 16:02:33\",\"icon\":\"菜品管理\",\"isCache\":\"0\",\"isFrame\":\"1\",\"menuId\":2038,\"menuName\":\"菜品管理\",\"menuType\":\"C\",\"orderNum\":1,\"params\":{},\"parentId\":0,\"path\":\"dish\",\"perms\":\"merchant:dish:list\",\"status\":\"0\",\"updateBy\":\"admin\",\"visible\":\"1\"}','{\"msg\":\"操作成功\",\"code\":200}',0,NULL,'2024-05-04 11:09:50',17),(144,'菜单管理',3,'com.ruoyi.web.controller.system.SysMenuController.remove()','DELETE',1,'admin','研发部门','/system/menu/2037','127.0.0.1','内网IP','{}','{\"msg\":\"操作成功\",\"code\":200}',0,NULL,'2024-05-05 17:35:29',33),(145,'菜单管理',2,'com.ruoyi.web.controller.system.SysMenuController.edit()','PUT',1,'admin','研发部门','/system/menu','127.0.0.1','内网IP','{\"children\":[],\"component\":\"merchant/dish/index\",\"createTime\":\"2024-04-29 16:02:33\",\"icon\":\"菜品管理\",\"isCache\":\"0\",\"isFrame\":\"1\",\"menuId\":2038,\"menuName\":\"菜品管理\",\"menuType\":\"C\",\"orderNum\":1,\"params\":{},\"parentId\":3,\"path\":\"dish\",\"perms\":\"merchant:dish:list\",\"status\":\"0\",\"updateBy\":\"admin\",\"visible\":\"1\"}','{\"msg\":\"操作成功\",\"code\":200}',0,NULL,'2024-05-05 17:35:43',16),(146,'菜单管理',2,'com.ruoyi.web.controller.system.SysMenuController.edit()','PUT',1,'admin','研发部门','/system/menu','127.0.0.1','内网IP','{\"children\":[],\"component\":\"course/course/index\",\"createTime\":\"2024-04-23 11:24:08\",\"icon\":\"课程管理\",\"isCache\":\"0\",\"isFrame\":\"1\",\"menuId\":2006,\"menuName\":\"课程管理\",\"menuType\":\"C\",\"orderNum\":1,\"params\":{},\"parentId\":0,\"path\":\"course\",\"perms\":\"course:course:list\",\"status\":\"0\",\"updateBy\":\"admin\",\"visible\":\"0\"}','{\"msg\":\"操作成功\",\"code\":200}',0,NULL,'2024-05-05 17:35:56',10),(147,'菜单管理',2,'com.ruoyi.web.controller.system.SysMenuController.edit()','PUT',1,'admin','研发部门','/system/menu','127.0.0.1','内网IP','{\"children\":[],\"component\":\"course/course/index\",\"createTime\":\"2024-04-23 11:24:08\",\"icon\":\"课程管理\",\"isCache\":\"0\",\"isFrame\":\"1\",\"menuId\":2006,\"menuName\":\"课程管理\",\"menuType\":\"C\",\"orderNum\":1,\"params\":{},\"parentId\":0,\"path\":\"course\",\"perms\":\"\",\"status\":\"0\",\"updateBy\":\"admin\",\"visible\":\"0\"}','{\"msg\":\"操作成功\",\"code\":200}',0,NULL,'2024-05-05 17:36:02',9),(148,'菜单管理',2,'com.ruoyi.web.controller.system.SysMenuController.edit()','PUT',1,'admin','研发部门','/system/menu','127.0.0.1','内网IP','{\"children\":[],\"component\":\"course/course/index\",\"createTime\":\"2024-04-23 11:24:08\",\"icon\":\"课程管理\",\"isCache\":\"0\",\"isFrame\":\"1\",\"menuId\":2006,\"menuName\":\"课程管理\",\"menuType\":\"C\",\"orderNum\":1,\"params\":{},\"parentId\":0,\"path\":\"course\",\"perms\":\"\",\"status\":\"0\",\"updateBy\":\"admin\",\"visible\":\"0\"}','{\"msg\":\"操作成功\",\"code\":200}',0,NULL,'2024-05-05 17:36:23',12),(149,'用户管理',2,'com.ruoyi.web.controller.system.SysUserController.edit()','PUT',1,'admin','研发部门','/system/user','127.0.0.1','内网IP','{\"admin\":false,\"avatar\":\"\",\"createBy\":\"admin\",\"createTime\":\"2024-04-28 22:26:38\",\"delFlag\":\"0\",\"email\":\"\",\"loginDate\":\"2024-05-05 17:37:00\",\"loginIp\":\"127.0.0.1\",\"nickName\":\"小智\",\"params\":{},\"phonenumber\":\"\",\"postIds\":[],\"roleIds\":[102],\"roles\":[{\"admin\":false,\"dataScope\":\"1\",\"deptCheckStrictly\":false,\"flag\":false,\"menuCheckStrictly\":false,\"params\":{},\"roleId\":103,\"roleKey\":\"merchant\",\"roleName\":\"外卖商家\",\"roleSort\":4,\"status\":\"0\"}],\"sex\":\"0\",\"status\":\"0\",\"updateBy\":\"admin\",\"userId\":102,\"userName\":\"xiaozhi\"}','{\"msg\":\"操作成功\",\"code\":200}',0,NULL,'2024-05-05 17:37:38',24),(150,'菜单管理',2,'com.ruoyi.web.controller.system.SysMenuController.edit()','PUT',1,'admin','研发部门','/system/menu','127.0.0.1','内网IP','{\"children\":[],\"component\":\"course/course/index\",\"createTime\":\"2024-04-23 11:24:08\",\"icon\":\"课程管理\",\"isCache\":\"0\",\"isFrame\":\"1\",\"menuId\":2006,\"menuName\":\"课程管理\",\"menuType\":\"C\",\"orderNum\":1,\"params\":{},\"parentId\":0,\"path\":\"course\",\"perms\":\"course:course:list\",\"status\":\"0\",\"updateBy\":\"admin\",\"visible\":\"0\"}','{\"msg\":\"操作成功\",\"code\":200}',0,NULL,'2024-05-05 17:40:08',6),(151,'菜单管理',2,'com.ruoyi.web.controller.system.SysMenuController.edit()','PUT',1,'admin','研发部门','/system/menu','127.0.0.1','内网IP','{\"children\":[],\"component\":\"course/course/index\",\"createTime\":\"2024-04-23 11:24:08\",\"icon\":\"课程管理\",\"isCache\":\"0\",\"isFrame\":\"1\",\"menuId\":2006,\"menuName\":\"课程管理\",\"menuType\":\"C\",\"orderNum\":1,\"params\":{},\"parentId\":0,\"path\":\"course\",\"perms\":\"\",\"status\":\"0\",\"updateBy\":\"admin\",\"visible\":\"0\"}','{\"msg\":\"操作成功\",\"code\":200}',0,NULL,'2024-05-05 17:56:12',8),(152,'菜单管理',2,'com.ruoyi.web.controller.system.SysMenuController.edit()','PUT',1,'admin','研发部门','/system/menu','127.0.0.1','内网IP','{\"children\":[],\"component\":\"course/course/index\",\"createTime\":\"2024-04-23 11:24:08\",\"icon\":\"课程管理\",\"isCache\":\"0\",\"isFrame\":\"1\",\"menuId\":2006,\"menuName\":\"课程管理\",\"menuType\":\"C\",\"orderNum\":1,\"params\":{},\"parentId\":0,\"path\":\"course\",\"perms\":\"course:course:list\",\"status\":\"0\",\"updateBy\":\"admin\",\"visible\":\"0\"}','{\"msg\":\"操作成功\",\"code\":200}',0,NULL,'2024-05-05 17:59:33',8),(153,'菜单管理',2,'com.ruoyi.web.controller.system.SysMenuController.edit()','PUT',1,'admin','研发部门','/system/menu','127.0.0.1','内网IP','{\"children\":[],\"component\":\"course/course/index\",\"createTime\":\"2024-04-23 11:24:08\",\"icon\":\"课程管理\",\"isCache\":\"0\",\"isFrame\":\"1\",\"menuId\":2006,\"menuName\":\"课程管理\",\"menuType\":\"C\",\"orderNum\":1,\"params\":{},\"parentId\":0,\"path\":\"course\",\"perms\":\"\",\"status\":\"0\",\"updateBy\":\"admin\",\"visible\":\"0\"}','{\"msg\":\"操作成功\",\"code\":200}',0,NULL,'2024-05-05 19:01:01',8),(154,'菜单管理',2,'com.ruoyi.web.controller.system.SysMenuController.edit()','PUT',1,'admin','研发部门','/system/menu','127.0.0.1','内网IP','{\"children\":[],\"component\":\"course/course/index\",\"createTime\":\"2024-04-23 11:24:08\",\"icon\":\"课程管理\",\"isCache\":\"0\",\"isFrame\":\"1\",\"menuId\":2006,\"menuName\":\"课程管理\",\"menuType\":\"C\",\"orderNum\":1,\"params\":{},\"parentId\":0,\"path\":\"course\",\"perms\":\"course:course:list\",\"status\":\"0\",\"updateBy\":\"admin\",\"visible\":\"0\"}','{\"msg\":\"操作成功\",\"code\":200}',0,NULL,'2024-05-05 19:01:38',9),(155,'菜单管理',2,'com.ruoyi.web.controller.system.SysMenuController.edit()','PUT',1,'admin','研发部门','/system/menu','127.0.0.1','内网IP','{\"children\":[],\"component\":\"course/course/index\",\"createTime\":\"2024-04-23 11:24:08\",\"icon\":\"课程管理\",\"isCache\":\"0\",\"isFrame\":\"1\",\"menuId\":2006,\"menuName\":\"课程管理\",\"menuType\":\"C\",\"orderNum\":1,\"params\":{},\"parentId\":0,\"path\":\"course\",\"perms\":\"\",\"status\":\"0\",\"updateBy\":\"admin\",\"visible\":\"0\"}','{\"msg\":\"操作成功\",\"code\":200}',0,NULL,'2024-05-05 19:09:14',7),(156,'代码生成',3,'com.sky.generator.controller.GenController.remove()','DELETE',1,'admin','研发部门','/tool/gen/12','127.0.0.1','内网IP','{}','{\"msg\":\"操作成功\",\"code\":200}',0,NULL,'2024-05-07 17:13:16',36),(157,'代码生成',3,'com.sky.generator.controller.GenController.remove()','DELETE',1,'admin','研发部门','/tool/gen/11','127.0.0.1','内网IP','{}','{\"msg\":\"操作成功\",\"code\":200}',0,NULL,'2024-05-07 17:13:18',8),(158,'字典类型',3,'com.sky.web.controller.system.SysDictTypeController.remove()','DELETE',1,'admin','研发部门','/system/dict/type/102','127.0.0.1','内网IP','{}',NULL,1,'口味名称已分配,不能删除','2024-05-07 17:13:37',8),(159,'字典类型',3,'com.sky.web.controller.system.SysDictTypeController.remove()','DELETE',1,'admin','研发部门','/system/dict/type/102','127.0.0.1','内网IP','{}',NULL,1,'口味名称已分配,不能删除','2024-05-07 17:13:55',6),(160,'字典类型',3,'com.sky.web.controller.system.SysDictTypeController.remove()','DELETE',1,'admin','研发部门','/system/dict/type/101','127.0.0.1','内网IP','{}',NULL,1,'菜品状态已分配,不能删除','2024-05-07 17:13:57',6),(161,'字典类型',2,'com.sky.web.controller.system.SysDictTypeController.edit()','PUT',1,'admin','研发部门','/system/dict/type','127.0.0.1','内网IP','{\"createBy\":\"admin\",\"createTime\":\"2024-04-29 15:56:59\",\"dictId\":102,\"dictName\":\"口味名称\",\"dictType\":\"flavor_name\",\"params\":{},\"status\":\"1\",\"updateBy\":\"admin\"}','{\"msg\":\"操作成功\",\"code\":200}',0,NULL,'2024-05-07 17:14:04',17),(162,'字典类型',2,'com.sky.web.controller.system.SysDictTypeController.edit()','PUT',1,'admin','研发部门','/system/dict/type','127.0.0.1','内网IP','{\"createBy\":\"admin\",\"createTime\":\"2024-04-29 15:21:09\",\"dictId\":101,\"dictName\":\"菜品状态\",\"dictType\":\"dish_status\",\"params\":{},\"status\":\"1\",\"updateBy\":\"admin\"}','{\"msg\":\"操作成功\",\"code\":200}',0,NULL,'2024-05-07 17:14:07',14),(163,'字典类型',3,'com.sky.web.controller.system.SysDictTypeController.remove()','DELETE',1,'admin','研发部门','/system/dict/type/102','127.0.0.1','内网IP','{}',NULL,1,'口味名称已分配,不能删除','2024-05-07 17:14:08',6),(164,'字典类型',3,'com.sky.web.controller.system.SysDictTypeController.remove()','DELETE',1,'admin','研发部门','/system/dict/type/102','127.0.0.1','内网IP','{}',NULL,1,'口味名称已分配,不能删除','2024-05-07 17:14:23',6),(165,'代码生成',6,'com.sky.generator.controller.GenController.importTableSave()','POST',1,'admin','研发部门','/tool/gen/importTable','127.0.0.1','内网IP','{\"tables\":\"tb_dish,tb_dish_flavor\"}','{\"msg\":\"操作成功\",\"code\":200}',0,NULL,'2024-05-07 17:14:59',63),(166,'字典类型',3,'com.sky.web.controller.system.SysDictTypeController.remove()','DELETE',1,'admin','研发部门','/system/dict/type/101','127.0.0.1','内网IP','{}',NULL,1,'菜品状态已分配,不能删除','2024-05-07 17:15:10',7),(167,'代码生成',3,'com.sky.generator.controller.GenController.remove()','DELETE',1,'admin','研发部门','/tool/gen/13','127.0.0.1','内网IP','{}','{\"msg\":\"操作成功\",\"code\":200}',0,NULL,'2024-05-07 17:15:18',6),(168,'代码生成',3,'com.sky.generator.controller.GenController.remove()','DELETE',1,'admin','研发部门','/tool/gen/14','127.0.0.1','内网IP','{}','{\"msg\":\"操作成功\",\"code\":200}',0,NULL,'2024-05-07 17:15:20',5),(169,'字典类型',3,'com.sky.web.controller.system.SysDictTypeController.remove()','DELETE',1,'admin','研发部门','/system/dict/type/102','127.0.0.1','内网IP','{}','{\"msg\":\"操作成功\",\"code\":200}',0,NULL,'2024-05-07 17:16:08',8),(170,'字典类型',3,'com.sky.web.controller.system.SysDictTypeController.remove()','DELETE',1,'admin','研发部门','/system/dict/type/101','127.0.0.1','内网IP','{}',NULL,1,'菜品状态已分配,不能删除','2024-05-07 17:16:11',7),(171,'字典类型',3,'com.sky.web.controller.system.SysDictTypeController.remove()','DELETE',1,'admin','研发部门','/system/dict/type/101','127.0.0.1','内网IP','{}','{\"msg\":\"操作成功\",\"code\":200}',0,NULL,'2024-05-07 17:16:21',10),(172,'代码生成',6,'com.sky.generator.controller.GenController.importTableSave()','POST',1,'admin','研发部门','/tool/gen/importTable','127.0.0.1','内网IP','{\"tables\":\"tb_dish,tb_dish_flavor\"}','{\"msg\":\"操作成功\",\"code\":200}',0,NULL,'2024-05-07 17:23:38',59),(173,'代码生成',3,'com.sky.generator.controller.GenController.remove()','DELETE',1,'admin','研发部门','/tool/gen/16','127.0.0.1','内网IP','{}','{\"msg\":\"操作成功\",\"code\":200}',0,NULL,'2024-05-07 17:23:49',7),(174,'代码生成',3,'com.sky.generator.controller.GenController.remove()','DELETE',1,'admin','研发部门','/tool/gen/15','127.0.0.1','内网IP','{}','{\"msg\":\"操作成功\",\"code\":200}',0,NULL,'2024-05-07 17:23:51',4),(175,'代码生成',6,'com.sky.generator.controller.GenController.importTableSave()','POST',1,'admin','研发部门','/tool/gen/importTable','127.0.0.1','内网IP','{\"tables\":\"tb_dish,tb_dish_flavor\"}','{\"msg\":\"操作成功\",\"code\":200}',0,NULL,'2024-05-07 17:28:40',62),(176,'代码生成',3,'com.sky.generator.controller.GenController.remove()','DELETE',1,'admin','研发部门','/tool/gen/17','127.0.0.1','内网IP','{}','{\"msg\":\"操作成功\",\"code\":200}',0,NULL,'2024-05-07 17:31:19',10),(177,'代码生成',3,'com.sky.generator.controller.GenController.remove()','DELETE',1,'admin','研发部门','/tool/gen/18','127.0.0.1','内网IP','{}','{\"msg\":\"操作成功\",\"code\":200}',0,NULL,'2024-05-07 17:31:21',5),(178,'代码生成',6,'com.sky.generator.controller.GenController.importTableSave()','POST',1,'admin','研发部门','/tool/gen/importTable','127.0.0.1','内网IP','{\"tables\":\"tb_dish,tb_dish_flavor\"}','{\"msg\":\"操作成功\",\"code\":200}',0,NULL,'2024-05-07 17:33:29',53),(179,'代码生成',2,'com.sky.generator.controller.GenController.editSave()','PUT',1,'admin','研发部门','/tool/gen','127.0.0.1','内网IP','{\"businessName\":\"dish\",\"className\":\"Dish\",\"columns\":[{\"capJavaField\":\"Id\",\"columnComment\":\"主键\",\"columnId\":161,\"columnName\":\"id\",\"columnType\":\"bigint\",\"createBy\":\"admin\",\"createTime\":\"2024-05-07 17:33:29\",\"dictType\":\"\",\"edit\":false,\"htmlType\":\"input\",\"increment\":true,\"insert\":true,\"isIncrement\":\"1\",\"isInsert\":\"1\",\"isPk\":\"1\",\"isRequired\":\"0\",\"javaField\":\"id\",\"javaType\":\"Long\",\"list\":false,\"params\":{},\"pk\":true,\"query\":false,\"queryType\":\"EQ\",\"required\":false,\"sort\":1,\"superColumn\":false,\"tableId\":19,\"updateBy\":\"\",\"usableColumn\":false},{\"capJavaField\":\"Name\",\"columnComment\":\"菜品名称\",\"columnId\":162,\"columnName\":\"name\",\"columnType\":\"varchar(32)\",\"createBy\":\"admin\",\"createTime\":\"2024-05-07 17:33:29\",\"dictType\":\"\",\"edit\":true,\"htmlType\":\"input\",\"increment\":false,\"insert\":true,\"isEdit\":\"1\",\"isIncrement\":\"0\",\"isInsert\":\"1\",\"isList\":\"1\",\"isPk\":\"0\",\"isQuery\":\"1\",\"isRequired\":\"1\",\"javaField\":\"name\",\"javaType\":\"String\",\"list\":true,\"params\":{},\"pk\":false,\"query\":true,\"queryType\":\"LIKE\",\"required\":true,\"sort\":2,\"superColumn\":false,\"tableId\":19,\"updateBy\":\"\",\"usableColumn\":false},{\"capJavaField\":\"Price\",\"columnComment\":\"售价\",\"columnId\":163,\"columnName\":\"price\",\"columnType\":\"decimal(10,2)\",\"createBy\":\"admin\",\"createTime\":\"2024-05-07 17:33:29\",\"dictType\":\"\",\"edit\":true,\"htmlType\":\"input\",\"increment\":false,\"insert\":true,\"isEdit\":\"1\",\"isIncrement\":\"0\",\"isInsert\":\"1\",\"isList\":\"1\",\"isPk\":\"0\",\"isQuery\":\"0\",\"isRequired\":\"0\",\"javaField\":\"price\",\"javaType\":\"BigDecimal\",\"list\":true,\"params\":{},\"pk\":false,\"query\":false,\"queryType\":\"EQ\",\"required\":false,\"sort\":3,\"superColumn\":false,\"tableId\":19,\"updateBy\":\"\",\"usableColumn\":false},{\"capJavaField\":\"Image\",\"columnComment\":\"图片\",\"columnId\":164,\"columnName\":\"image\",\"columnType\":\"varchar(255)\",\"createBy\":\"admin\",\"createTime\":\"2024-05-07 17:33:29\",\"dictType\":\"\",\"edit\":true,\"htmlType\":\"imageUpload\",\"increment\":false,\"insert\":true,\"isEdit\":\"1\",\"isIncrement\":\"0\",\"isInsert\":\"1\",\"isList\":\"1\",\"isPk\":\"0\",\"isQuery\":\"0\",\"isRequired\":\"0\",\"javaField\":\"image\",\"javaTyp','{\"msg\":\"操作成功\",\"code\":200}',0,NULL,'2024-05-07 17:36:40',37),(180,'字典类型',1,'com.sky.web.controller.system.SysDictTypeController.add()','POST',1,'admin','研发部门','/system/dict/type','127.0.0.1','内网IP','{\"createBy\":\"admin\",\"dictName\":\"售卖状态\",\"dictType\":\"dish_status\",\"params\":{},\"status\":\"0\"}','{\"msg\":\"操作成功\",\"code\":200}',0,NULL,'2024-05-07 17:36:58',10),(181,'字典类型',3,'com.sky.web.controller.system.SysDictTypeController.remove()','DELETE',1,'admin','研发部门','/system/dict/type/104','127.0.0.1','内网IP','{}','{\"msg\":\"操作成功\",\"code\":200}',0,NULL,'2024-05-07 17:55:55',22),(182,'字典类型',1,'com.sky.web.controller.system.SysDictTypeController.add()','POST',1,'admin','研发部门','/system/dict/type','127.0.0.1','内网IP','{\"createBy\":\"admin\",\"dictName\":\"售卖状态\",\"dictType\":\"dish_status\",\"params\":{},\"status\":\"0\"}','{\"msg\":\"操作成功\",\"code\":200}',0,NULL,'2024-05-07 19:00:26',10),(183,'字典数据',1,'com.sky.web.controller.system.SysDictDataController.add()','POST',1,'admin','研发部门','/system/dict/data','127.0.0.1','内网IP','{\"createBy\":\"admin\",\"default\":false,\"dictLabel\":\"停售\",\"dictSort\":1,\"dictType\":\"dish_status\",\"dictValue\":\"0\",\"listClass\":\"default\",\"params\":{},\"status\":\"0\"}','{\"msg\":\"操作成功\",\"code\":200}',0,NULL,'2024-05-07 19:00:42',14),(184,'字典数据',1,'com.sky.web.controller.system.SysDictDataController.add()','POST',1,'admin','研发部门','/system/dict/data','127.0.0.1','内网IP','{\"createBy\":\"admin\",\"default\":false,\"dictLabel\":\"起售\",\"dictSort\":2,\"dictType\":\"dish_status\",\"dictValue\":\"1\",\"listClass\":\"default\",\"params\":{},\"status\":\"0\"}','{\"msg\":\"操作成功\",\"code\":200}',0,NULL,'2024-05-07 19:00:51',9),(185,'代码生成',2,'com.sky.generator.controller.GenController.editSave()','PUT',1,'admin','研发部门','/tool/gen','127.0.0.1','内网IP','{\"businessName\":\"dish\",\"className\":\"Dish\",\"columns\":[{\"capJavaField\":\"Id\",\"columnComment\":\"主键\",\"columnId\":161,\"columnName\":\"id\",\"columnType\":\"bigint\",\"createBy\":\"admin\",\"createTime\":\"2024-05-07 17:33:29\",\"dictType\":\"\",\"edit\":false,\"htmlType\":\"input\",\"increment\":true,\"insert\":false,\"isIncrement\":\"1\",\"isInsert\":\"0\",\"isPk\":\"1\",\"isRequired\":\"0\",\"javaField\":\"id\",\"javaType\":\"Long\",\"list\":false,\"params\":{},\"pk\":true,\"query\":false,\"queryType\":\"EQ\",\"required\":false,\"sort\":1,\"superColumn\":false,\"tableId\":19,\"updateBy\":\"\",\"updateTime\":\"2024-05-07 17:36:40\",\"usableColumn\":false},{\"capJavaField\":\"Name\",\"columnComment\":\"菜品名称\",\"columnId\":162,\"columnName\":\"name\",\"columnType\":\"varchar(32)\",\"createBy\":\"admin\",\"createTime\":\"2024-05-07 17:33:29\",\"dictType\":\"\",\"edit\":true,\"htmlType\":\"input\",\"increment\":false,\"insert\":true,\"isEdit\":\"1\",\"isIncrement\":\"0\",\"isInsert\":\"1\",\"isList\":\"1\",\"isPk\":\"0\",\"isQuery\":\"1\",\"isRequired\":\"1\",\"javaField\":\"name\",\"javaType\":\"String\",\"list\":true,\"params\":{},\"pk\":false,\"query\":true,\"queryType\":\"LIKE\",\"required\":true,\"sort\":2,\"superColumn\":false,\"tableId\":19,\"updateBy\":\"\",\"updateTime\":\"2024-05-07 17:36:40\",\"usableColumn\":false},{\"capJavaField\":\"Price\",\"columnComment\":\"售价\",\"columnId\":163,\"columnName\":\"price\",\"columnType\":\"decimal(10,2)\",\"createBy\":\"admin\",\"createTime\":\"2024-05-07 17:33:29\",\"dictType\":\"\",\"edit\":true,\"htmlType\":\"input\",\"increment\":false,\"insert\":true,\"isEdit\":\"1\",\"isIncrement\":\"0\",\"isInsert\":\"1\",\"isList\":\"1\",\"isPk\":\"0\",\"isQuery\":\"0\",\"isRequired\":\"1\",\"javaField\":\"price\",\"javaType\":\"BigDecimal\",\"list\":true,\"params\":{},\"pk\":false,\"query\":false,\"queryType\":\"EQ\",\"required\":true,\"sort\":3,\"superColumn\":false,\"tableId\":19,\"updateBy\":\"\",\"updateTime\":\"2024-05-07 17:36:40\",\"usableColumn\":false},{\"capJavaField\":\"Image\",\"columnComment\":\"图片\",\"columnId\":164,\"columnName\":\"image\",\"columnType\":\"varchar(255)\",\"createBy\":\"admin\",\"createTime\":\"2024-05-07 17:33:29\",\"dictType\":\"\",\"edit\":true,\"htmlType\":\"imageUpload\",\"increment\":false,\"insert\":true,\"isEdit\":\"1\",\"isIncremen','{\"msg\":\"操作成功\",\"code\":200}',0,NULL,'2024-05-07 19:31:38',31),(186,'代码生成',2,'com.sky.generator.controller.GenController.editSave()','PUT',1,'admin','研发部门','/tool/gen','127.0.0.1','内网IP','{\"businessName\":\"flavor\",\"className\":\"DishFlavor\",\"columns\":[{\"capJavaField\":\"Id\",\"columnComment\":\"主键\",\"columnId\":169,\"columnName\":\"id\",\"columnType\":\"bigint\",\"createBy\":\"admin\",\"createTime\":\"2024-05-07 17:33:29\",\"dictType\":\"\",\"edit\":false,\"htmlType\":\"input\",\"increment\":true,\"insert\":true,\"isIncrement\":\"1\",\"isInsert\":\"1\",\"isPk\":\"1\",\"isRequired\":\"0\",\"javaField\":\"id\",\"javaType\":\"Long\",\"list\":false,\"params\":{},\"pk\":true,\"query\":false,\"queryType\":\"EQ\",\"required\":false,\"sort\":1,\"superColumn\":false,\"tableId\":20,\"updateBy\":\"\",\"usableColumn\":false},{\"capJavaField\":\"DishId\",\"columnComment\":\"菜品\",\"columnId\":170,\"columnName\":\"dish_id\",\"columnType\":\"bigint\",\"createBy\":\"admin\",\"createTime\":\"2024-05-07 17:33:29\",\"dictType\":\"\",\"edit\":true,\"htmlType\":\"input\",\"increment\":false,\"insert\":true,\"isEdit\":\"1\",\"isIncrement\":\"0\",\"isInsert\":\"1\",\"isList\":\"1\",\"isPk\":\"0\",\"isQuery\":\"1\",\"isRequired\":\"1\",\"javaField\":\"dishId\",\"javaType\":\"Long\",\"list\":true,\"params\":{},\"pk\":false,\"query\":true,\"queryType\":\"EQ\",\"required\":true,\"sort\":2,\"superColumn\":false,\"tableId\":20,\"updateBy\":\"\",\"usableColumn\":false},{\"capJavaField\":\"Name\",\"columnComment\":\"口味名称\",\"columnId\":171,\"columnName\":\"name\",\"columnType\":\"varchar(32)\",\"createBy\":\"admin\",\"createTime\":\"2024-05-07 17:33:29\",\"dictType\":\"\",\"edit\":true,\"htmlType\":\"input\",\"increment\":false,\"insert\":true,\"isEdit\":\"1\",\"isIncrement\":\"0\",\"isInsert\":\"1\",\"isList\":\"1\",\"isPk\":\"0\",\"isQuery\":\"1\",\"isRequired\":\"0\",\"javaField\":\"name\",\"javaType\":\"String\",\"list\":true,\"params\":{},\"pk\":false,\"query\":true,\"queryType\":\"LIKE\",\"required\":false,\"sort\":3,\"superColumn\":false,\"tableId\":20,\"updateBy\":\"\",\"usableColumn\":false},{\"capJavaField\":\"Value\",\"columnComment\":\"口味列表\",\"columnId\":172,\"columnName\":\"value\",\"columnType\":\"varchar(255)\",\"createBy\":\"admin\",\"createTime\":\"2024-05-07 17:33:29\",\"dictType\":\"\",\"edit\":true,\"htmlType\":\"input\",\"increment\":false,\"insert\":true,\"isEdit\":\"1\",\"isIncrement\":\"0\",\"isInsert\":\"1\",\"isList\":\"1\",\"isPk\":\"0\",\"isQuery\":\"1\",\"isRequired\":\"0\",\"javaField\":\"value\",\"javaType\":\"St','{\"msg\":\"操作成功\",\"code\":200}',0,NULL,'2024-05-07 19:32:11',13),(187,'代码生成',8,'com.sky.generator.controller.GenController.batchGenCode()','GET',1,'admin','研发部门','/tool/gen/batchGenCode','127.0.0.1','内网IP','{\"tables\":\"tb_dish\"}',NULL,0,NULL,'2024-05-07 19:41:46',385),(188,'菜单管理',2,'com.sky.web.controller.system.SysMenuController.edit()','PUT',1,'admin','研发部门','/system/menu','127.0.0.1','内网IP','{\"children\":[],\"component\":\"merchant/dish/index\",\"createTime\":\"2024-05-07 19:53:38\",\"icon\":\"#\",\"isCache\":\"0\",\"isFrame\":\"1\",\"menuId\":2044,\"menuName\":\"菜品管理\",\"menuType\":\"C\",\"orderNum\":1,\"params\":{},\"parentId\":0,\"path\":\"dish\",\"perms\":\"merchant:dish:list\",\"status\":\"0\",\"updateBy\":\"admin\",\"visible\":\"0\"}','{\"msg\":\"操作成功\",\"code\":200}',0,NULL,'2024-05-07 20:10:33',23),(189,'菜品管理',1,'com.sky.merchant.controller.DishController.add()','POST',1,'admin','研发部门','/merchant/dish','127.0.0.1','内网IP','{\"createTime\":\"2024-05-07 20:55:18\",\"description\":\"好吃不贵，经济实惠\",\"dishFlavorList\":[{\"dishId\":103,\"name\":\"辣度\",\"params\":{},\"value\":\"[\\\"不辣\\\",\\\"微辣\\\",\\\"中辣\\\",\\\"重辣\\\"]\"},{\"dishId\":103,\"name\":\"忌口\",\"params\":{},\"value\":\"[\\\"不要葱\\\",\\\"不要蒜\\\",\\\"不要香菜\\\",\\\"不要辣\\\"]\"}],\"id\":103,\"image\":\"/profile/upload/2024/05/07/毛血旺_20240507205413A003.jpg\",\"name\":\"毛血旺\",\"params\":{},\"price\":39,\"status\":0}','{\"msg\":\"操作成功\",\"code\":200}',0,NULL,'2024-05-07 20:55:18',37),(190,'菜品管理',2,'com.sky.merchant.controller.DishController.edit()','PUT',1,'admin','研发部门','/merchant/dish','127.0.0.1','内网IP','{\"createTime\":\"2024-05-07 20:55:19\",\"description\":\"好吃不贵，经济实惠\",\"dishFlavorList\":[{\"dishId\":103,\"id\":183,\"name\":\"辣度\",\"params\":{},\"value\":\"[\\\"不辣\\\",\\\"微辣\\\",\\\"中辣\\\",\\\"重辣\\\"]\"}],\"id\":103,\"image\":\"/profile/upload/2024/05/07/毛血旺_20240507205413A003.jpg\",\"name\":\"毛血旺\",\"params\":{},\"price\":29,\"status\":1,\"updateTime\":\"2024-05-07 20:56:16\"}','{\"msg\":\"操作成功\",\"code\":200}',0,NULL,'2024-05-07 20:56:16',10),(191,'菜品管理',3,'com.sky.merchant.controller.DishController.remove()','DELETE',1,'admin','研发部门','/merchant/dish/99','127.0.0.1','内网IP','{}','{\"msg\":\"操作成功\",\"code\":200}',0,NULL,'2024-05-07 20:57:18',11),(192,'菜品管理',1,'com.sky.merchant.controller.DishController.add()','POST',1,'admin','研发部门','/merchant/dish','127.0.0.1','内网IP','{\"createTime\":\"2024-05-08 11:40:37\",\"description\":\"物美价廉\",\"dishFlavorList\":[{\"dishId\":104,\"name\":\"忌口\",\"params\":{},\"value\":\"[\\\"不要香菜\\\",\\\"不要蒜\\\",\\\"不要葱\\\"]\"},{\"dishId\":104,\"name\":\"辣度\",\"params\":{},\"value\":\"[\\\"重辣\\\",\\\"中辣\\\",\\\"微辣\\\",\\\"不辣\\\"]\"}],\"id\":104,\"image\":\"/profile/upload/2024/05/08/鱼香肉丝_20240508114007A001.png\",\"name\":\"鱼香肉丝\",\"params\":{},\"price\":19,\"status\":0}','{\"msg\":\"操作成功\",\"code\":200}',0,NULL,'2024-05-08 11:40:37',33),(193,'菜品管理',3,'com.sky.merchant.controller.DishController.remove()','DELETE',1,'admin','研发部门','/merchant/dish/104','127.0.0.1','内网IP','{}','{\"msg\":\"操作成功\",\"code\":200}',0,NULL,'2024-05-08 13:13:03',12),(194,'菜品管理',1,'com.sky.merchant.controller.DishController.add()','POST',1,'admin','研发部门','/merchant/dish','127.0.0.1','内网IP','{\"createTime\":\"2024-05-08 14:03:26\",\"description\":\"川菜风味\",\"dishFlavorList\":[{\"dishId\":105,\"name\":\"甜味\",\"params\":{},\"value\":\"半糖,少糖,无糖\"},{\"dishId\":105,\"name\":\"辣度\",\"params\":{},\"value\":\"重辣,中辣,微辣,不辣\"}],\"id\":105,\"image\":\"/profile/upload/2024/05/08/鱼香肉丝_20240508140307A003.png\",\"name\":\"鱼香肉丝\",\"params\":{},\"price\":28,\"status\":0}','{\"msg\":\"操作成功\",\"code\":200}',0,NULL,'2024-05-08 14:03:26',9),(195,'菜品管理',1,'com.sky.merchant.controller.DishController.add()','POST',1,'admin','研发部门','/merchant/dish','127.0.0.1','内网IP','{\"createTime\":\"2024-05-08 14:05:43\",\"description\":\"川菜风味\",\"dishFlavorList\":[{\"name\":\"辣度\",\"params\":{},\"value\":\"[\\\"微辣\\\",\\\"中辣\\\",\\\"重辣\\\"]\"},{\"name\":\"忌口\",\"params\":{},\"value\":\"[\\\"不要香菜\\\",\\\"不要蒜\\\",\\\"不要葱\\\"]\"}],\"image\":\"/profile/upload/2024/05/08/鱼香肉丝_20240508140518A004.png\",\"name\":\"鱼香肉丝\",\"params\":{},\"price\":29,\"status\":0}',NULL,1,'\r\n### Error updating database.  Cause: java.sql.SQLIntegrityConstraintViolationException: Duplicate entry \'鱼香肉丝\' for key \'tb_dish.idx_dish_name\'\r\n### The error may exist in file [D:\\workspace\\itcast\\20240507122941\\sky\\sky-merchant\\target\\classes\\mapper\\merchant\\DishMapper.xml]\r\n### The error may involve com.sky.merchant.mapper.DishMapper.insertDish-Inline\r\n### The error occurred while setting parameters\r\n### SQL: insert into tb_dish          ( name,             price,             image,             description,             status,             create_time )           values ( ?,             ?,             ?,             ?,             ?,             ? )\r\n### Cause: java.sql.SQLIntegrityConstraintViolationException: Duplicate entry \'鱼香肉丝\' for key \'tb_dish.idx_dish_name\'\n; Duplicate entry \'鱼香肉丝\' for key \'tb_dish.idx_dish_name\'; nested exception is java.sql.SQLIntegrityConstraintViolationException: Duplicate entry \'鱼香肉丝\' for key \'tb_dish.idx_dish_name\'','2024-05-08 14:05:43',47),(196,'菜品管理',1,'com.sky.merchant.controller.DishController.add()','POST',1,'admin','研发部门','/merchant/dish','127.0.0.1','内网IP','{\"createTime\":\"2024-05-08 14:06:52\",\"description\":\"川菜风味\",\"dishFlavorList\":[{\"dishId\":107,\"name\":\"辣度\",\"params\":{},\"value\":\"\\\"[\\\\\\\"微辣\\\\\\\",\\\\\\\"中辣\\\\\\\",\\\\\\\"重辣\\\\\\\"]\\\"\"},{\"dishId\":107,\"name\":\"忌口\",\"params\":{},\"value\":\"\\\"[\\\\\\\"不要香菜\\\\\\\",\\\\\\\"不要蒜\\\\\\\",\\\\\\\"不要葱\\\\\\\"]\\\"\"}],\"id\":107,\"image\":\"/profile/upload/2024/05/08/鱼香肉丝_20240508140518A004.png\",\"name\":\"鱼香肉丝\",\"params\":{},\"price\":29,\"status\":0}','{\"msg\":\"操作成功\",\"code\":200}',0,NULL,'2024-05-08 14:06:52',32),(197,'菜品管理',1,'com.sky.merchant.controller.DishController.add()','POST',1,'admin','研发部门','/merchant/dish','127.0.0.1','内网IP','{\"createTime\":\"2024-05-08 15:00:06\",\"description\":\"川菜风味\",\"dishFlavorList\":[{\"dishId\":108,\"name\":\"甜味\",\"params\":{},\"value\":\"[\\\"多糖\\\",\\\"半糖\\\",\\\"少糖\\\"]\"}],\"id\":108,\"image\":\"/profile/upload/2024/05/08/鱼香肉丝_20240508145955A005.png\",\"name\":\"鱼香肉丝\",\"params\":{},\"price\":28,\"status\":0}','{\"msg\":\"操作成功\",\"code\":200}',0,NULL,'2024-05-08 15:00:06',9),(198,'菜品管理',3,'com.sky.merchant.controller.DishController.remove()','DELETE',1,'admin','研发部门','/merchant/dish/108','127.0.0.1','内网IP','{}','{\"msg\":\"操作成功\",\"code\":200}',0,NULL,'2024-05-08 20:28:45',6),(199,'菜品管理',2,'com.sky.merchant.controller.DishController.edit()','PUT',1,'admin','研发部门','/merchant/dish','127.0.0.1','内网IP','{\"createTime\":\"2024-05-07 20:55:19\",\"description\":\"好吃不贵，经济实惠\",\"dishFlavorList\":[{\"dishId\":103,\"id\":183,\"name\":\"辣度\",\"params\":{},\"value\":\"[\\\"不辣\\\",\\\"微辣\\\",\\\"中辣\\\",\\\"重辣\\\"]\"},{\"dishId\":103,\"name\":\"忌口\",\"params\":{},\"value\":\"[\\\"不要葱\\\",\\\"不要蒜\\\",\\\"不要香菜\\\"]\"}],\"id\":103,\"image\":\"/profile/upload/2024/05/07/毛血旺_20240507205413A003.jpg\",\"name\":\"毛血旺\",\"params\":{},\"price\":29,\"status\":1,\"updateTime\":\"2024-05-09 08:47:00\"}','{\"msg\":\"操作成功\",\"code\":200}',0,NULL,'2024-05-09 08:47:00',30),(200,'菜品管理',1,'com.sky.merchant.controller.DishController.add()','POST',1,'admin','研发部门','/merchant/dish','127.0.0.1','内网IP','{\"createTime\":\"2024-05-09 09:47:54\",\"description\":\"川菜风味\",\"dishFlavorList\":[{\"dishId\":109,\"name\":\"甜味\",\"params\":{},\"value\":\"[\\\"多糖\\\",\\\"少糖\\\"]\"},{\"dishId\":109,\"name\":\"辣度\",\"params\":{},\"value\":\"[\\\"重辣\\\",\\\"中辣\\\",\\\"微辣\\\"]\"}],\"id\":109,\"image\":\"/profile/upload/2024/05/09/鱼香肉丝_20240509094739A002.png\",\"name\":\"鱼香肉丝\",\"params\":{},\"price\":28,\"status\":0}','{\"msg\":\"操作成功\",\"code\":200}',0,NULL,'2024-05-09 09:47:54',13),(201,'菜品管理',2,'com.sky.merchant.controller.DishController.edit()','PUT',1,'admin','研发部门','/merchant/dish','127.0.0.1','内网IP','{\"createTime\":\"2023-02-16 09:50:06\",\"description\":\"2斤重 波斯顿龙虾\",\"dishFlavorList\":[{\"dishId\":75,\"id\":140,\"name\":\"忌口\",\"params\":{},\"value\":\"[\\\"不要葱\\\",\\\"不要蒜\\\",\\\"不要香菜\\\",\\\"不要辣\\\"]\"},{\"dishId\":75,\"id\":141,\"name\":\"辣度\",\"params\":{},\"value\":\"[\\\"不辣\\\",\\\"中辣\\\",\\\"重辣\\\"]\"}],\"id\":75,\"image\":\"https://sky-heima.oss-cn-beijing.aliyuncs.com/images/2023/04/13/1681396948811-5b8d2da3-3744-4bb3-acdc-329056b8259d.jpeg\",\"name\":\"波士顿龙虾\",\"params\":{},\"price\":128,\"status\":1,\"updateTime\":\"2024-05-09 09:53:57\"}','{\"msg\":\"操作成功\",\"code\":200}',0,NULL,'2024-05-09 09:53:57',12),(202,'菜品管理',2,'com.sky.merchant.controller.DishController.edit()','PUT',1,'admin','研发部门','/merchant/dish','127.0.0.1','内网IP','{\"createTime\":\"2024-05-09 09:47:55\",\"description\":\"川菜风味\",\"dishFlavorList\":[{\"dishId\":109,\"id\":194,\"name\":\"甜味\",\"params\":{},\"value\":\"[\\\"多糖\\\",\\\"少糖\\\",\\\"半糖\\\"]\"},{\"dishId\":109,\"id\":195,\"name\":\"辣度\",\"params\":{},\"value\":\"[\\\"重辣\\\",\\\"中辣\\\",\\\"微辣\\\"]\"}],\"id\":109,\"image\":\"/profile/upload/2024/05/09/鱼香肉丝_20240509094739A002.png\",\"name\":\"鱼香肉丝\",\"params\":{},\"price\":28,\"status\":0,\"updateTime\":\"2024-05-09 09:55:23\"}','{\"msg\":\"操作成功\",\"code\":200}',0,NULL,'2024-05-09 09:55:23',12),(203,'菜品管理',3,'com.sky.merchant.controller.DishController.remove()','DELETE',1,'admin','研发部门','/merchant/dish/109','127.0.0.1','内网IP','{}','{\"msg\":\"操作成功\",\"code\":200}',0,NULL,'2024-05-09 13:48:50',7),(204,'菜品管理',1,'com.sky.merchant.controller.DishController.add()','POST',1,'admin','研发部门','/merchant/dish','127.0.0.1','内网IP','{\"createTime\":\"2024-05-09 19:03:50\",\"description\":\"川菜风味\",\"dishFlavorList\":[{\"dishId\":110,\"name\":\"辣度\",\"params\":{},\"value\":\"[\\\"微辣\\\",\\\"不辣\\\",\\\"中辣\\\"]\"},{\"dishId\":110,\"name\":\"忌口\",\"params\":{},\"value\":\"[\\\"不要香菜\\\",\\\"不要蒜\\\",\\\"不要葱\\\"]\"}],\"id\":110,\"image\":\"/profile/upload/2024/05/09/鱼香肉丝_20240509190324A003.png\",\"name\":\"鱼香肉丝\",\"params\":{},\"price\":28,\"status\":0}','{\"msg\":\"操作成功\",\"code\":200}',0,NULL,'2024-05-09 19:03:50',43),(205,'菜品管理',2,'com.sky.merchant.controller.DishController.edit()','PUT',1,'admin','研发部门','/merchant/dish','127.0.0.1','内网IP','{\"createTime\":\"2024-05-07 20:55:19\",\"description\":\"好吃不贵，经济实惠\",\"dishFlavorList\":[{\"dishId\":103,\"id\":183,\"name\":\"辣度\",\"params\":{},\"value\":\"[\\\"不辣\\\",\\\"微辣\\\",\\\"中辣\\\",\\\"重辣\\\"]\"},{\"dishId\":103,\"id\":192,\"name\":\"忌口\",\"params\":{},\"value\":\"[\\\"不要葱\\\",\\\"不要蒜\\\",\\\"不要辣\\\"]\"}],\"id\":103,\"image\":\"/profile/upload/2024/05/07/毛血旺_20240507205413A003.jpg\",\"name\":\"毛血旺\",\"params\":{},\"price\":29,\"status\":1,\"updateTime\":\"2024-05-09 20:43:59\"}','{\"msg\":\"操作成功\",\"code\":200}',0,NULL,'2024-05-09 20:43:59',28),(206,'菜品管理',2,'com.sky.merchant.controller.DishController.edit()','PUT',1,'admin','研发部门','/merchant/dish','127.0.0.1','内网IP','{\"createTime\":\"2024-05-07 20:55:19\",\"description\":\"好吃不贵，经济实惠\",\"dishFlavorList\":[{\"dishId\":103,\"id\":183,\"name\":\"辣度\",\"params\":{},\"value\":\"[\\\"不辣\\\",\\\"微辣\\\",\\\"中辣\\\",\\\"重辣\\\"]\"},{\"dishId\":103,\"id\":192,\"name\":\"忌口\",\"params\":{},\"value\":\"[\\\"不要葱\\\",\\\"不要蒜\\\",\\\"不要辣\\\"]\"}],\"id\":103,\"image\":\"/profile/upload/2024/05/07/毛血旺_20240507205413A003.jpg\",\"name\":\"毛血旺\",\"params\":{},\"price\":29,\"status\":1,\"updateTime\":\"2024-05-09 21:21:26\"}','{\"msg\":\"操作成功\",\"code\":200}',0,NULL,'2024-05-09 21:21:26',11),(207,'菜品管理',2,'com.sky.merchant.controller.DishController.edit()','PUT',1,'admin','研发部门','/merchant/dish','127.0.0.1','内网IP','{\"createTime\":\"2024-05-07 20:55:19\",\"description\":\"好吃不贵，经济实惠\",\"dishFlavorList\":[{\"dishId\":103,\"id\":183,\"name\":\"辣度\",\"params\":{},\"value\":\"[\\\"不辣\\\",\\\"微辣\\\",\\\"中辣\\\",\\\"重辣\\\"]\"},{\"dishId\":103,\"id\":192,\"name\":\"忌口\",\"params\":{},\"value\":\"[\\\"不要葱\\\",\\\"不要蒜\\\",\\\"不要辣\\\"]\"}],\"id\":103,\"image\":\"/profile/upload/2024/05/07/毛血旺_20240507205413A003.jpg\",\"name\":\"毛血旺\",\"params\":{},\"price\":29,\"status\":1,\"updateTime\":\"2024-05-09 21:22:12\"}','{\"msg\":\"操作成功\",\"code\":200}',0,NULL,'2024-05-09 21:22:12',13),(208,'菜单管理',2,'com.sky.web.controller.system.SysMenuController.edit()','PUT',1,'admin','研发部门','/system/menu','127.0.0.1','内网IP','{\"children\":[],\"component\":\"merchant/dish/index\",\"createTime\":\"2024-05-07 19:53:38\",\"icon\":\"菜品管理\",\"isCache\":\"0\",\"isFrame\":\"1\",\"menuId\":2044,\"menuName\":\"菜品管理\",\"menuType\":\"C\",\"orderNum\":1,\"params\":{},\"parentId\":0,\"path\":\"dish\",\"perms\":\"merchant:dish:list\",\"status\":\"0\",\"updateBy\":\"admin\",\"visible\":\"0\"}','{\"msg\":\"操作成功\",\"code\":200}',0,NULL,'2024-05-10 11:02:40',17),(209,'角色管理',3,'com.sky.web.controller.system.SysRoleController.remove()','DELETE',1,'admin','研发部门','/system/role/103','127.0.0.1','内网IP','{}','{\"msg\":\"操作成功\",\"code\":200}',0,NULL,'2024-05-10 11:15:51',48),(210,'菜单管理',2,'com.sky.web.controller.system.SysMenuController.edit()','PUT',1,'admin','研发部门','/system/menu','127.0.0.1','内网IP','{\"children\":[],\"component\":\"merchant/dish/index\",\"createTime\":\"2024-05-07 19:53:38\",\"icon\":\"菜品管理\",\"isCache\":\"0\",\"isFrame\":\"1\",\"menuId\":2044,\"menuName\":\"菜品管理\",\"menuType\":\"C\",\"orderNum\":1,\"params\":{},\"parentId\":0,\"path\":\"dish\",\"perms\":\"merchant:dish:list\",\"status\":\"0\",\"updateBy\":\"admin\",\"visible\":\"0\"}','{\"msg\":\"操作成功\",\"code\":200}',0,NULL,'2024-05-10 14:09:07',11),(211,'菜单管理',2,'com.sky.web.controller.system.SysMenuController.edit()','PUT',1,'admin','研发部门','/system/menu','127.0.0.1','内网IP','{\"children\":[],\"component\":\"merchant/dish/index\",\"createTime\":\"2024-05-07 19:53:38\",\"icon\":\"clipboard\",\"isCache\":\"0\",\"isFrame\":\"1\",\"menuId\":2044,\"menuName\":\"菜品管理\",\"menuType\":\"C\",\"orderNum\":1,\"params\":{},\"parentId\":0,\"path\":\"dish\",\"perms\":\"merchant:dish:list\",\"status\":\"0\",\"updateBy\":\"admin\",\"visible\":\"0\"}','{\"msg\":\"操作成功\",\"code\":200}',0,NULL,'2024-05-10 14:26:56',7),(212,'菜单管理',2,'com.sky.web.controller.system.SysMenuController.edit()','PUT',1,'admin','研发部门','/system/menu','127.0.0.1','内网IP','{\"children\":[],\"component\":\"merchant/dish/index\",\"createTime\":\"2024-05-07 19:53:38\",\"icon\":\"eye-open\",\"isCache\":\"0\",\"isFrame\":\"1\",\"menuId\":2044,\"menuName\":\"菜品管理\",\"menuType\":\"C\",\"orderNum\":1,\"params\":{},\"parentId\":0,\"path\":\"dish\",\"perms\":\"merchant:dish:list\",\"status\":\"0\",\"updateBy\":\"admin\",\"visible\":\"0\"}','{\"msg\":\"操作成功\",\"code\":200}',0,NULL,'2024-05-10 14:30:48',6),(213,'菜单管理',2,'com.sky.web.controller.system.SysMenuController.edit()','PUT',1,'admin','研发部门','/system/menu','127.0.0.1','内网IP','{\"children\":[],\"component\":\"merchant/dish/index\",\"createTime\":\"2024-05-07 19:53:38\",\"icon\":\"菜品管理\",\"isCache\":\"0\",\"isFrame\":\"1\",\"menuId\":2044,\"menuName\":\"菜品管理\",\"menuType\":\"C\",\"orderNum\":1,\"params\":{},\"parentId\":0,\"path\":\"dish\",\"perms\":\"merchant:dish:list\",\"status\":\"0\",\"updateBy\":\"admin\",\"visible\":\"0\"}','{\"msg\":\"操作成功\",\"code\":200}',0,NULL,'2024-05-10 14:49:06',7),(214,'菜单管理',2,'com.sky.web.controller.system.SysMenuController.edit()','PUT',1,'admin','研发部门','/system/menu','127.0.0.1','内网IP','{\"children\":[],\"component\":\"merchant/dish/index\",\"createTime\":\"2024-05-07 19:53:38\",\"icon\":\"eye-open\",\"isCache\":\"0\",\"isFrame\":\"1\",\"menuId\":2044,\"menuName\":\"菜品管理\",\"menuType\":\"C\",\"orderNum\":1,\"params\":{},\"parentId\":0,\"path\":\"dish\",\"perms\":\"merchant:dish:list\",\"status\":\"0\",\"updateBy\":\"admin\",\"visible\":\"0\"}','{\"msg\":\"操作成功\",\"code\":200}',0,NULL,'2024-05-10 14:51:54',7),(215,'菜单管理',2,'com.sky.web.controller.system.SysMenuController.edit()','PUT',1,'admin','研发部门','/system/menu','127.0.0.1','内网IP','{\"children\":[],\"component\":\"merchant/dish/index\",\"createTime\":\"2024-05-07 19:53:38\",\"icon\":\"菜品管理\",\"isCache\":\"0\",\"isFrame\":\"1\",\"menuId\":2044,\"menuName\":\"菜品管理\",\"menuType\":\"C\",\"orderNum\":1,\"params\":{},\"parentId\":0,\"path\":\"dish\",\"perms\":\"merchant:dish:list\",\"status\":\"0\",\"updateBy\":\"admin\",\"visible\":\"0\"}','{\"msg\":\"操作成功\",\"code\":200}',0,NULL,'2024-05-10 14:58:38',7),(216,'角色管理',1,'com.sky.web.controller.system.SysRoleController.add()','POST',1,'admin','研发部门','/system/role','127.0.0.1','内网IP','{\"admin\":false,\"createBy\":\"admin\",\"deptCheckStrictly\":true,\"deptIds\":[],\"flag\":false,\"menuCheckStrictly\":true,\"menuIds\":[2044,2045,2046,2047,2048,2049],\"params\":{},\"roleId\":104,\"roleKey\":\"merchant\",\"roleName\":\"商家员工\",\"roleSort\":4,\"status\":\"0\"}','{\"msg\":\"操作成功\",\"code\":200}',0,NULL,'2024-05-10 15:43:15',19),(217,'用户管理',1,'com.sky.web.controller.system.SysUserController.add()','POST',1,'admin','研发部门','/system/user','127.0.0.1','内网IP','{\"admin\":false,\"createBy\":\"admin\",\"nickName\":\"播妞\",\"params\":{},\"postIds\":[],\"roleIds\":[104],\"status\":\"0\",\"userId\":103,\"userName\":\"boniu\"}','{\"msg\":\"操作成功\",\"code\":200}',0,NULL,'2024-05-10 15:43:56',84);
/*!40000 ALTER TABLE `sys_oper_log` ENABLE KEYS */;
UNLOCK TABLES;

--
-- Table structure for table `sys_post`
--

DROP TABLE IF EXISTS `sys_post`;
/*!40101 SET @saved_cs_client     = @@character_set_client */;
/*!50503 SET character_set_client = utf8mb4 */;
CREATE TABLE `sys_post` (
  `post_id` bigint NOT NULL AUTO_INCREMENT COMMENT '岗位ID',
  `post_code` varchar(64) NOT NULL COMMENT '岗位编码',
  `post_name` varchar(50) NOT NULL COMMENT '岗位名称',
  `post_sort` int NOT NULL COMMENT '显示顺序',
  `status` char(1) NOT NULL COMMENT '状态（0正常 1停用）',
  `create_by` varchar(64) DEFAULT '' COMMENT '创建者',
  `create_time` datetime DEFAULT NULL COMMENT '创建时间',
  `update_by` varchar(64) DEFAULT '' COMMENT '更新者',
  `update_time` datetime DEFAULT NULL COMMENT '更新时间',
  `remark` varchar(500) DEFAULT NULL COMMENT '备注',
  PRIMARY KEY (`post_id`)
) ENGINE=InnoDB AUTO_INCREMENT=5 DEFAULT CHARSET=utf8mb4 COLLATE=utf8mb4_0900_ai_ci COMMENT='岗位信息表';
/*!40101 SET character_set_client = @saved_cs_client */;

--
-- Dumping data for table `sys_post`
--

LOCK TABLES `sys_post` WRITE;
/*!40000 ALTER TABLE `sys_post` DISABLE KEYS */;
INSERT INTO `sys_post` VALUES (1,'ceo','董事长',1,'0','admin','2024-04-22 22:59:48','',NULL,''),(2,'se','项目经理',2,'0','admin','2024-04-22 22:59:48','',NULL,''),(3,'hr','人力资源',3,'0','admin','2024-04-22 22:59:48','',NULL,''),(4,'user','普通员工',4,'0','admin','2024-04-22 22:59:48','',NULL,'');
/*!40000 ALTER TABLE `sys_post` ENABLE KEYS */;
UNLOCK TABLES;

--
-- Table structure for table `sys_role`
--

DROP TABLE IF EXISTS `sys_role`;
/*!40101 SET @saved_cs_client     = @@character_set_client */;
/*!50503 SET character_set_client = utf8mb4 */;
CREATE TABLE `sys_role` (
  `role_id` bigint NOT NULL AUTO_INCREMENT COMMENT '角色ID',
  `role_name` varchar(30) NOT NULL COMMENT '角色名称',
  `role_key` varchar(100) NOT NULL COMMENT '角色权限字符串',
  `role_sort` int NOT NULL COMMENT '显示顺序',
  `data_scope` char(1) DEFAULT '1' COMMENT '数据范围（1：全部数据权限 2：自定数据权限 3：本部门数据权限 4：本部门及以下数据权限）',
  `menu_check_strictly` tinyint(1) DEFAULT '1' COMMENT '菜单树选择项是否关联显示',
  `dept_check_strictly` tinyint(1) DEFAULT '1' COMMENT '部门树选择项是否关联显示',
  `status` char(1) NOT NULL COMMENT '角色状态（0正常 1停用）',
  `del_flag` char(1) DEFAULT '0' COMMENT '删除标志（0代表存在 2代表删除）',
  `create_by` varchar(64) DEFAULT '' COMMENT '创建者',
  `create_time` datetime DEFAULT NULL COMMENT '创建时间',
  `update_by` varchar(64) DEFAULT '' COMMENT '更新者',
  `update_time` datetime DEFAULT NULL COMMENT '更新时间',
  `remark` varchar(500) DEFAULT NULL COMMENT '备注',
  PRIMARY KEY (`role_id`)
) ENGINE=InnoDB AUTO_INCREMENT=105 DEFAULT CHARSET=utf8mb4 COLLATE=utf8mb4_0900_ai_ci COMMENT='角色信息表';
/*!40101 SET character_set_client = @saved_cs_client */;

--
-- Dumping data for table `sys_role`
--

LOCK TABLES `sys_role` WRITE;
/*!40000 ALTER TABLE `sys_role` DISABLE KEYS */;
INSERT INTO `sys_role` VALUES (1,'超级管理员','admin',1,'1',1,1,'0','0','admin','2024-04-22 22:59:48','',NULL,'超级管理员'),(2,'普通角色','common',2,'2',1,1,'0','0','admin','2024-04-22 22:59:48','',NULL,'普通角色'),(100,'课研人员','research',3,'1',1,1,'0','2','admin','2024-04-24 11:48:27','',NULL,NULL),(101,'课研人员','research',3,'1',1,1,'0','2','admin','2024-04-24 15:30:45','',NULL,NULL),(102,'课研人员','research',3,'1',1,1,'0','0','admin','2024-04-28 22:25:42','admin','2024-04-30 12:59:16',NULL),(103,'外卖商家','merchant',4,'1',1,1,'0','2','admin','2024-04-30 13:21:28','admin','2024-04-30 13:23:23',NULL),(104,'商家员工','merchant',4,'1',1,1,'0','0','admin','2024-05-10 15:43:15','',NULL,NULL);
/*!40000 ALTER TABLE `sys_role` ENABLE KEYS */;
UNLOCK TABLES;

--
-- Table structure for table `sys_role_dept`
--

DROP TABLE IF EXISTS `sys_role_dept`;
/*!40101 SET @saved_cs_client     = @@character_set_client */;
/*!50503 SET character_set_client = utf8mb4 */;
CREATE TABLE `sys_role_dept` (
  `role_id` bigint NOT NULL COMMENT '角色ID',
  `dept_id` bigint NOT NULL COMMENT '部门ID',
  PRIMARY KEY (`role_id`,`dept_id`)
) ENGINE=InnoDB DEFAULT CHARSET=utf8mb4 COLLATE=utf8mb4_0900_ai_ci COMMENT='角色和部门关联表';
/*!40101 SET character_set_client = @saved_cs_client */;

--
-- Dumping data for table `sys_role_dept`
--

LOCK TABLES `sys_role_dept` WRITE;
/*!40000 ALTER TABLE `sys_role_dept` DISABLE KEYS */;
INSERT INTO `sys_role_dept` VALUES (2,100),(2,101),(2,105);
/*!40000 ALTER TABLE `sys_role_dept` ENABLE KEYS */;
UNLOCK TABLES;

--
-- Table structure for table `sys_role_menu`
--

DROP TABLE IF EXISTS `sys_role_menu`;
/*!40101 SET @saved_cs_client     = @@character_set_client */;
/*!50503 SET character_set_client = utf8mb4 */;
CREATE TABLE `sys_role_menu` (
  `role_id` bigint NOT NULL COMMENT '角色ID',
  `menu_id` bigint NOT NULL COMMENT '菜单ID',
  PRIMARY KEY (`role_id`,`menu_id`)
) ENGINE=InnoDB DEFAULT CHARSET=utf8mb4 COLLATE=utf8mb4_0900_ai_ci COMMENT='角色和菜单关联表';
/*!40101 SET character_set_client = @saved_cs_client */;

--
-- Dumping data for table `sys_role_menu`
--

LOCK TABLES `sys_role_menu` WRITE;
/*!40000 ALTER TABLE `sys_role_menu` DISABLE KEYS */;
INSERT INTO `sys_role_menu` VALUES (2,1),(2,2),(2,3),(2,4),(2,100),(2,101),(2,102),(2,103),(2,104),(2,105),(2,106),(2,107),(2,108),(2,109),(2,110),(2,111),(2,112),(2,113),(2,114),(2,115),(2,116),(2,117),(2,500),(2,501),(2,1000),(2,1001),(2,1002),(2,1003),(2,1004),(2,1005),(2,1006),(2,1007),(2,1008),(2,1009),(2,1010),(2,1011),(2,1012),(2,1013),(2,1014),(2,1015),(2,1016),(2,1017),(2,1018),(2,1019),(2,1020),(2,1021),(2,1022),(2,1023),(2,1024),(2,1025),(2,1026),(2,1027),(2,1028),(2,1029),(2,1030),(2,1031),(2,1032),(2,1033),(2,1034),(2,1035),(2,1036),(2,1037),(2,1038),(2,1039),(2,1040),(2,1041),(2,1042),(2,1043),(2,1044),(2,1045),(2,1046),(2,1047),(2,1048),(2,1049),(2,1050),(2,1051),(2,1052),(2,1053),(2,1054),(2,1055),(2,1056),(2,1057),(2,1058),(2,1059),(2,1060),(102,2006),(102,2007),(102,2008),(102,2009),(102,2010),(102,2011),(102,2035),(102,2036),(104,2044),(104,2045),(104,2046),(104,2047),(104,2048),(104,2049);
/*!40000 ALTER TABLE `sys_role_menu` ENABLE KEYS */;
UNLOCK TABLES;

--
-- Table structure for table `sys_user`
--

DROP TABLE IF EXISTS `sys_user`;
/*!40101 SET @saved_cs_client     = @@character_set_client */;
/*!50503 SET character_set_client = utf8mb4 */;
CREATE TABLE `sys_user` (
  `user_id` bigint NOT NULL AUTO_INCREMENT COMMENT '用户ID',
  `dept_id` bigint DEFAULT NULL COMMENT '部门ID',
  `user_name` varchar(30) NOT NULL COMMENT '用户账号',
  `nick_name` varchar(30) NOT NULL COMMENT '用户昵称',
  `user_type` varchar(2) DEFAULT '00' COMMENT '用户类型（00系统用户）',
  `email` varchar(50) DEFAULT '' COMMENT '用户邮箱',
  `phonenumber` varchar(11) DEFAULT '' COMMENT '手机号码',
  `sex` char(1) DEFAULT '0' COMMENT '用户性别（0男 1女 2未知）',
  `avatar` varchar(100) DEFAULT '' COMMENT '头像地址',
  `password` varchar(100) DEFAULT '' COMMENT '密码',
  `status` char(1) DEFAULT '0' COMMENT '帐号状态（0正常 1停用）',
  `del_flag` char(1) DEFAULT '0' COMMENT '删除标志（0代表存在 2代表删除）',
  `login_ip` varchar(128) DEFAULT '' COMMENT '最后登录IP',
  `login_date` datetime DEFAULT NULL COMMENT '最后登录时间',
  `create_by` varchar(64) DEFAULT '' COMMENT '创建者',
  `create_time` datetime DEFAULT NULL COMMENT '创建时间',
  `update_by` varchar(64) DEFAULT '' COMMENT '更新者',
  `update_time` datetime DEFAULT NULL COMMENT '更新时间',
  `remark` varchar(500) DEFAULT NULL COMMENT '备注',
  PRIMARY KEY (`user_id`)
) ENGINE=InnoDB AUTO_INCREMENT=104 DEFAULT CHARSET=utf8mb4 COLLATE=utf8mb4_0900_ai_ci COMMENT='用户信息表';
/*!40101 SET character_set_client = @saved_cs_client */;

--
-- Dumping data for table `sys_user`
--

LOCK TABLES `sys_user` WRITE;
/*!40000 ALTER TABLE `sys_user` DISABLE KEYS */;
INSERT INTO `sys_user` VALUES (1,103,'admin','若依','00','ry@163.com','15888888888','1','','$2a$10$7JB720yubVSZvUI0rEqK/.VqGOZTH.ulu33dHOiBE8ByOhJIrdAu2','0','0','127.0.0.1','2024-05-10 15:24:47','admin','2024-04-22 22:59:48','','2024-05-10 15:24:46','管理员'),(2,105,'ry','若依','00','ry@qq.com','15666666666','1','','$2a$10$7JB720yubVSZvUI0rEqK/.VqGOZTH.ulu33dHOiBE8ByOhJIrdAu2','0','0','127.0.0.1','2024-04-26 19:21:47','admin','2024-04-22 22:59:48','','2024-04-26 19:21:46','测试员'),(100,100,'xiaozhi','小智','00','','','0','','$2a$10$N8uznydAkMAse2qv3DpaBuRW99Gr51DXbYZshI.VWlEnnLb4iTXTa','0','2','127.0.0.1','2024-04-24 11:49:39','admin','2024-04-24 11:49:31','','2024-04-24 11:49:39',NULL),(101,NULL,'xiaozhi','小智','00','','','0','','$2a$10$IsuqzZz0v9SARvjNNYLyx.sGyRHXYhqqluWBDEnvSj5fs/AB.wqjm','0','2','127.0.0.1','2024-04-28 16:46:13','admin','2024-04-24 15:31:28','','2024-04-28 16:46:12',NULL),(102,NULL,'xiaozhi','小智','00','','','0','','$2a$10$qraNgE0/B.OE//vdaKpOIuT8GCEtpNrY1rQRcT3sJqk1vwrIH9eSu','0','0','127.0.0.1','2024-05-05 19:24:05','admin','2024-04-28 22:26:38','admin','2024-05-05 19:24:04',NULL),(103,NULL,'boniu','播妞','00','','','0','','$2a$10$nMfFtRUa57xoNQ/fz26NsuuNE4WTT/l.fhMAwTfU6qELD8WU.0..K','0','0','127.0.0.1','2024-05-10 15:44:27','admin','2024-05-10 15:43:56','','2024-05-10 15:44:26',NULL);
/*!40000 ALTER TABLE `sys_user` ENABLE KEYS */;
UNLOCK TABLES;

--
-- Table structure for table `sys_user_post`
--

DROP TABLE IF EXISTS `sys_user_post`;
/*!40101 SET @saved_cs_client     = @@character_set_client */;
/*!50503 SET character_set_client = utf8mb4 */;
CREATE TABLE `sys_user_post` (
  `user_id` bigint NOT NULL COMMENT '用户ID',
  `post_id` bigint NOT NULL COMMENT '岗位ID',
  PRIMARY KEY (`user_id`,`post_id`)
) ENGINE=InnoDB DEFAULT CHARSET=utf8mb4 COLLATE=utf8mb4_0900_ai_ci COMMENT='用户与岗位关联表';
/*!40101 SET character_set_client = @saved_cs_client */;

--
-- Dumping data for table `sys_user_post`
--

LOCK TABLES `sys_user_post` WRITE;
/*!40000 ALTER TABLE `sys_user_post` DISABLE KEYS */;
INSERT INTO `sys_user_post` VALUES (1,1),(2,2);
/*!40000 ALTER TABLE `sys_user_post` ENABLE KEYS */;
UNLOCK TABLES;

--
-- Table structure for table `sys_user_role`
--

DROP TABLE IF EXISTS `sys_user_role`;
/*!40101 SET @saved_cs_client     = @@character_set_client */;
/*!50503 SET character_set_client = utf8mb4 */;
CREATE TABLE `sys_user_role` (
  `user_id` bigint NOT NULL COMMENT '用户ID',
  `role_id` bigint NOT NULL COMMENT '角色ID',
  PRIMARY KEY (`user_id`,`role_id`)
) ENGINE=InnoDB DEFAULT CHARSET=utf8mb4 COLLATE=utf8mb4_0900_ai_ci COMMENT='用户和角色关联表';
/*!40101 SET character_set_client = @saved_cs_client */;

--
-- Dumping data for table `sys_user_role`
--

LOCK TABLES `sys_user_role` WRITE;
/*!40000 ALTER TABLE `sys_user_role` DISABLE KEYS */;
INSERT INTO `sys_user_role` VALUES (1,1),(2,2),(102,102),(103,104);
/*!40000 ALTER TABLE `sys_user_role` ENABLE KEYS */;
UNLOCK TABLES;

--
-- Table structure for table `tb_course`
--

DROP TABLE IF EXISTS `tb_course`;
/*!40101 SET @saved_cs_client     = @@character_set_client */;
/*!50503 SET character_set_client = utf8mb4 */;
CREATE TABLE `tb_course` (
  `id` bigint NOT NULL AUTO_INCREMENT COMMENT '课程id',
  `code` varchar(32) CHARACTER SET utf8mb3 COLLATE utf8mb3_bin DEFAULT NULL COMMENT '课程编码',
  `subject` varchar(32) CHARACTER SET utf8mb3 COLLATE utf8mb3_bin DEFAULT NULL COMMENT '课程学科',
  `name` varchar(64) CHARACTER SET utf8mb3 COLLATE utf8mb3_bin DEFAULT NULL COMMENT '课程名称',
  `price` int DEFAULT NULL COMMENT '价格（元）',
  `applicable_person` varchar(32) CHARACTER SET utf8mb3 COLLATE utf8mb3_bin DEFAULT NULL COMMENT '适用人群',
  `info` varchar(255) CHARACTER SET utf8mb3 COLLATE utf8mb3_bin DEFAULT NULL COMMENT '课程介绍',
  `create_time` timestamp NULL DEFAULT CURRENT_TIMESTAMP COMMENT '创建时间',
  `update_time` timestamp NULL DEFAULT NULL COMMENT '更新时间',
  PRIMARY KEY (`id`)
) ENGINE=InnoDB AUTO_INCREMENT=8 DEFAULT CHARSET=utf8mb3 COLLATE=utf8mb3_bin COMMENT='课程管理';
/*!40101 SET character_set_client = @saved_cs_client */;

--
-- Dumping data for table `tb_course`
--

LOCK TABLES `tb_course` WRITE;
/*!40000 ALTER TABLE `tb_course` DISABLE KEYS */;
INSERT INTO `tb_course` VALUES (1,'cp123456','0','JavaSE基础',199,'小白学员','JavaSE基础','2024-04-20 09:57:35','2024-04-20 09:57:35'),(2,'cp123457','0','JavaWeb',188,'初级开发者','JavaWeb','2024-04-20 09:57:35','2024-04-20 09:57:35'),(3,'cp123458','1','Python入门',555,'小白学员','Python入门','2024-04-20 09:57:35','2024-04-20 09:57:35'),(4,'cp123459','1','PythonWeb',88,'初级开发者','PythonWeb','2024-04-20 09:57:35','2024-04-20 09:57:35'),(5,'cp123460','2','鸿蒙入门',99,'小白学员','鸿蒙入门','2024-04-20 09:57:35','2024-04-20 09:57:35'),(6,'cp123461','2','鸿蒙商城实战',59,'初级开发者','鸿蒙商城实战','2024-04-20 09:57:35','2024-04-20 09:57:35');
/*!40000 ALTER TABLE `tb_course` ENABLE KEYS */;
UNLOCK TABLES;

--
-- Table structure for table `tb_dish`
--

DROP TABLE IF EXISTS `tb_dish`;
/*!40101 SET @saved_cs_client     = @@character_set_client */;
/*!50503 SET character_set_client = utf8mb4 */;
CREATE TABLE `tb_dish` (
  `id` bigint NOT NULL AUTO_INCREMENT COMMENT '主键',
  `name` varchar(32) CHARACTER SET utf8mb3 COLLATE utf8mb3_bin NOT NULL COMMENT '菜品名称',
  `price` decimal(10,2) DEFAULT NULL COMMENT '菜品价格',
  `image` varchar(255) CHARACTER SET utf8mb3 COLLATE utf8mb3_bin DEFAULT NULL COMMENT '图片',
  `description` varchar(255) CHARACTER SET utf8mb3 COLLATE utf8mb3_bin DEFAULT NULL COMMENT '描述信息',
  `status` int DEFAULT '1' COMMENT '0 停售 1 起售',
  `create_time` datetime DEFAULT NULL COMMENT '创建时间',
  `update_time` datetime DEFAULT NULL COMMENT '更新时间',
  PRIMARY KEY (`id`),
  UNIQUE KEY `idx_dish_name` (`name`)
) ENGINE=InnoDB AUTO_INCREMENT=111 DEFAULT CHARSET=utf8mb3 COLLATE=utf8mb3_bin COMMENT='菜品管理';
/*!40101 SET character_set_client = @saved_cs_client */;

--
-- Dumping data for table `tb_dish`
--

LOCK TABLES `tb_dish` WRITE;
/*!40000 ALTER TABLE `tb_dish` DISABLE KEYS */;
INSERT INTO `tb_dish` VALUES (30,'干锅牛蛙',38.00,'https://sky-heima.oss-cn-beijing.aliyuncs.com/images/2023/04/13/1681398849610-干锅牛蛙.jpg','干锅牛蛙',1,'2023-04-13 23:14:12','2023-04-16 22:04:25'),(50,'馒头',1.00,'https://sky-heima.oss-cn-beijing.aliyuncs.com/images/2023/04/14/1681436083461-馒头.jpg','优质面粉',1,'2022-06-10 09:34:28','2023-04-14 09:34:45'),(74,'黑金鲍鱼',68.00,'https://sky-heima.oss-cn-beijing.aliyuncs.com/images/2023/04/13/1681397045666-黑金鲍海鲜.jpg','新西兰黑金鲍鱼',1,'2023-02-16 09:48:28','2023-04-13 22:44:08'),(75,'波士顿龙虾',128.00,'https://sky-heima.oss-cn-beijing.aliyuncs.com/images/2023/04/13/1681396948811-5b8d2da3-3744-4bb3-acdc-329056b8259d.jpeg','2斤重 波斯顿龙虾',1,'2023-02-16 09:50:06','2024-05-09 09:53:58'),(76,'香辣烤乌江鱼3斤',108.00,'https://sky-heima.oss-cn-beijing.aliyuncs.com/images/2023/04/13/1681396881076-烤鱼2.jpg','香辣烤乌江鱼3斤',1,'2023-02-16 09:52:30','2023-04-13 22:41:29'),(77,'香辣烤鱼3斤',78.00,'https://sky-heima.oss-cn-beijing.aliyuncs.com/images/2023/04/13/1681396752225-烤鱼1.jpg','香辣烤鱼3斤 草鱼',1,'2023-02-17 15:27:02','2023-04-13 22:39:20'),(80,'宽粉',8.00,'https://sky-heima.oss-cn-beijing.aliyuncs.com/images/2023/04/13/1681397331911-宽粉.jpg','宽粉',0,'2023-04-13 22:48:57','2023-04-15 13:45:03'),(81,'青笋',10.00,'https://sky-heima.oss-cn-beijing.aliyuncs.com/images/2023/04/13/1681397358593-青笋.jpg','青笋',1,'2023-04-13 22:49:21','2023-04-13 22:49:21'),(82,'鲜豆皮',8.00,'https://sky-heima.oss-cn-beijing.aliyuncs.com/images/2023/04/13/1681397389673-鲜豆皮.jpg','鲜豆皮',1,'2023-04-13 22:49:52','2023-04-13 22:49:52'),(83,'娃娃菜',6.00,'https://sky-heima.oss-cn-beijing.aliyuncs.com/images/2023/04/13/1681397423765-娃娃菜.jpg','娃娃菜',1,'2023-04-13 22:50:26','2023-04-13 22:50:26'),(84,'土豆片',6.00,'https://sky-heima.oss-cn-beijing.aliyuncs.com/images/2023/04/13/1681397450872-土豆片.jpg','土豆片',1,'2023-04-13 22:50:59','2023-04-13 22:50:59'),(85,'鱼豆腐',6.00,'https://sky-heima.oss-cn-beijing.aliyuncs.com/images/2023/04/13/1681397585037-鱼豆腐.jpg','鱼豆腐',1,'2023-04-13 22:53:07','2024-04-29 21:42:07'),(86,'重庆毛血旺',58.00,'https://sky-heima.oss-cn-beijing.aliyuncs.com/images/2023/04/13/1681397774614-重庆毛血旺.jpg','重庆毛血旺',1,'2023-04-13 22:56:18','2023-04-13 22:56:18'),(87,'重庆辣子鸡',48.00,'https://sky-heima.oss-cn-beijing.aliyuncs.com/images/2023/04/13/1681397813331-重庆辣子鸡.jpg','重庆辣子鸡',1,'2023-04-13 22:56:57','2023-04-13 22:56:57'),(88,'渝乡沸腾鱼片',79.00,'https://sky-heima.oss-cn-beijing.aliyuncs.com/images/2023/04/13/1681397886462-沸腾鱼片.jpg','渝乡沸腾鱼片 草鱼',1,'2023-04-13 22:58:29','2023-04-13 22:58:29'),(89,'皮蛋豆腐',28.00,'https://sky-heima.oss-cn-beijing.aliyuncs.com/images/2023/04/13/1681397971808-皮蛋豆腐.jpeg','皮蛋豆腐 鸭蛋 松花江皮蛋',1,'2023-04-13 22:59:45','2023-04-13 22:59:45'),(90,'果仁菠菜',18.00,'https://sky-heima.oss-cn-beijing.aliyuncs.com/images/2023/04/13/1681398074872-果仁菠菜.jpg','果仁菠菜 花生 菠菜',1,'2023-04-13 23:01:32','2023-04-13 23:01:32'),(91,'蒜泥黄瓜',12.00,'https://sky-heima.oss-cn-beijing.aliyuncs.com/images/2023/04/13/1681398142706-蒜泥黄瓜.jpg','蒜泥黄瓜 大蒜 剁椒',1,'2023-04-13 23:02:32','2023-04-13 23:02:32'),(92,'老醋花生',12.00,'https://sky-heima.oss-cn-beijing.aliyuncs.com/images/2023/04/13/1681398185891-老醋花生.jpeg','老醋花生 老陈醋',1,'2023-04-13 23:03:15','2023-04-13 23:03:15'),(93,'干锅花菜',28.00,'https://sky-heima.oss-cn-beijing.aliyuncs.com/images/2023/04/13/1681398621640-干锅花菜.jpg','干锅花菜',1,'2023-04-13 23:10:32','2023-04-13 23:10:32'),(94,'干锅千页豆腐',30.00,'https://sky-heima.oss-cn-beijing.aliyuncs.com/images/2023/04/13/1681398665753-干锅千页豆腐.jpg','干锅千页豆腐',1,'2023-04-13 23:11:08','2023-04-13 23:11:08'),(95,'干锅鸡胗',38.00,'https://sky-heima.oss-cn-beijing.aliyuncs.com/images/2023/04/13/1681398701510-干锅鸡胗.jpg','干锅鸡胗',1,'2023-04-13 23:11:46','2023-04-13 23:11:46'),(96,'干锅藕片',28.00,'https://sky-heima.oss-cn-beijing.aliyuncs.com/images/2023/04/13/1681398783756-干锅藕片.jpg','干锅藕片',1,'2023-04-13 23:13:18','2023-04-13 23:13:18'),(98,'扬州炒饭',12.00,'https://sky-heima.oss-cn-beijing.aliyuncs.com/images/2023/04/13/1681399057973-炒饭.jpg','扬州炒饭',1,'2023-04-13 23:17:52','2023-04-16 22:04:29'),(103,'毛血旺',29.00,'/profile/upload/2024/05/07/毛血旺_20240507205413A003.jpg','好吃不贵，经济实惠',1,'2024-05-07 20:55:19','2024-05-09 21:22:13'),(110,'鱼香肉丝',28.00,'/profile/upload/2024/05/09/鱼香肉丝_20240509190324A003.png','川菜风味',0,'2024-05-09 19:03:51',NULL);
/*!40000 ALTER TABLE `tb_dish` ENABLE KEYS */;
UNLOCK TABLES;

--
-- Table structure for table `tb_dish_flavor`
--

DROP TABLE IF EXISTS `tb_dish_flavor`;
/*!40101 SET @saved_cs_client     = @@character_set_client */;
/*!50503 SET character_set_client = utf8mb4 */;
CREATE TABLE `tb_dish_flavor` (
  `id` bigint NOT NULL AUTO_INCREMENT COMMENT '主键',
  `dish_id` bigint NOT NULL COMMENT '菜品',
  `name` varchar(32) CHARACTER SET utf8mb3 COLLATE utf8mb3_bin DEFAULT NULL COMMENT '口味名称',
  `value` varchar(255) CHARACTER SET utf8mb3 COLLATE utf8mb3_bin DEFAULT NULL COMMENT '口味列表',
  PRIMARY KEY (`id`)
) ENGINE=InnoDB AUTO_INCREMENT=198 DEFAULT CHARSET=utf8mb3 COLLATE=utf8mb3_bin COMMENT='菜品口味关系表';
/*!40101 SET character_set_client = @saved_cs_client */;

--
-- Dumping data for table `tb_dish_flavor`
--

LOCK TABLES `tb_dish_flavor` WRITE;
/*!40000 ALTER TABLE `tb_dish_flavor` DISABLE KEYS */;
INSERT INTO `tb_dish_flavor` VALUES (1,63,'忌口','[\"不要葱\",\"不要蒜\",\"不要香菜\",\"不要辣\"]'),(111,63,'辣度','[\"不辣\",\"微辣\",\"中辣\",\"重辣\"]'),(112,60,'忌口','[\"不要葱\",\"不要蒜\",\"不要香菜\",\"不要辣\"]'),(113,60,'甜味','[\"无糖\",\"少糖\",\"半糖\",\"多糖\"]'),(114,57,'忌口','[\"不要葱\",\"不要蒜\",\"不要香菜\",\"不要辣\"]'),(115,57,'辣度','[\"不辣\",\"微辣\",\"中辣\"]'),(116,56,'忌口','[\"不要葱\",\"不要蒜\",\"不要香菜\"]'),(117,54,'忌口','[\"不要葱\",\"不要蒜\",\"不要香菜\"]'),(118,52,'忌口','[\"不要葱\",\"不要蒜\",\"不要香菜\",\"不要辣\"]'),(119,52,'辣度','[\"不辣\",\"微辣\",\"中辣\",\"重辣\"]'),(122,73,'辣度','[\"不辣\",\"微辣\",\"中辣\",\"重辣\"]'),(136,77,'辣度','[\"不辣\",\"微辣\",\"中辣\",\"重辣\"]'),(137,77,'忌口','[\"不要葱\",\"不要蒜\",\"不要香菜\",\"不要辣\"]'),(138,76,'辣度','[\"微辣\",\"中辣\"]'),(139,76,'忌口','[\"不要葱\",\"不要香菜\",\"不要辣\"]'),(140,75,'忌口','[\"不要葱\",\"不要蒜\",\"不要香菜\",\"不要辣\"]'),(141,75,'辣度','[\"不辣\",\"中辣\",\"重辣\"]'),(142,74,'忌口','[\"不要葱\",\"不要蒜\"]'),(143,74,'甜味','[\"无糖\",\"少糖\",\"半糖\"]'),(144,86,'辣度','[\"微辣\",\"中辣\",\"重辣\"]'),(145,87,'辣度','[\"微辣\",\"中辣\",\"重辣\"]'),(146,88,'忌口','[\"不要葱\",\"不要蒜\",\"不要香菜\"]'),(147,88,'辣度','[\"微辣\",\"中辣\"]'),(148,89,'忌口','[\"不要葱\",\"不要蒜\",\"不要香菜\"]'),(149,89,'甜味','[\"无糖\",\"少糖\"]'),(150,90,'忌口','[\"不要葱\",\"不要蒜\",\"不要香菜\"]'),(151,90,'辣度','[\"不辣\",\"微辣\"]'),(152,91,'忌口','[\"不要葱\",\"不要蒜\",\"不要香菜\",\"不要辣\"]'),(153,91,'辣度','[\"不辣\",\"微辣\"]'),(154,92,'忌口','[\"不要葱\",\"不要蒜\",\"不要香菜\"]'),(155,51,'忌口','[\"不要葱\",\"不要蒜\",\"不要香菜\",\"不要辣\"]'),(156,51,'辣度','[\"不辣\",\"微辣\",\"中辣\",\"重辣\"]'),(157,72,'辣度','[\"微辣\"]'),(159,53,'忌口','[\"不要葱\",\"不要蒜\",\"不要香菜\",\"不要辣\"]'),(160,53,'辣度','[\"不辣\",\"微辣\",\"中辣\",\"重辣\"]'),(161,93,'忌口','[\"不要葱\",\"不要蒜\",\"不要香菜\",\"不要辣\"]'),(162,93,'辣度','[\"微辣\",\"中辣\"]'),(163,94,'忌口','[\"不要葱\",\"不要蒜\",\"不要香菜\"]'),(164,94,'辣度','[\"不辣\",\"微辣\"]'),(165,95,'辣度','[\"微辣\",\"中辣\"]'),(166,96,'辣度','[\"微辣\",\"中辣\"]'),(167,97,'忌口','[\"不要蒜\",\"不要香菜\"]'),(168,97,'辣度','[\"微辣\",\"中辣\"]'),(169,67,'辣度','[\"不辣\",\"微辣\",\"中辣\",\"重辣\"]'),(170,66,'辣度','[\"不辣\",\"微辣\",\"中辣\",\"重辣\"]'),(172,65,'辣度','[\"不辣\",\"微辣\",\"中辣\",\"重辣\"]'),(182,85,'甜味','[\"全糖\",\"半糖\",\"少糖\"]'),(183,103,'辣度','[\"不辣\",\"微辣\",\"中辣\",\"重辣\"]'),(192,103,'忌口','[\"不要葱\",\"不要蒜\",\"不要辣\"]'),(196,110,'辣度','[\"微辣\",\"不辣\",\"中辣\"]'),(197,110,'忌口','[\"不要香菜\",\"不要蒜\",\"不要葱\"]');
/*!40000 ALTER TABLE `tb_dish_flavor` ENABLE KEYS */;
UNLOCK TABLES;
/*!40103 SET TIME_ZONE=@OLD_TIME_ZONE */;

/*!40101 SET SQL_MODE=@OLD_SQL_MODE */;
/*!40014 SET FOREIGN_KEY_CHECKS=@OLD_FOREIGN_KEY_CHECKS */;
/*!40014 SET UNIQUE_CHECKS=@OLD_UNIQUE_CHECKS */;
/*!40101 SET CHARACTER_SET_CLIENT=@OLD_CHARACTER_SET_CLIENT */;
/*!40101 SET CHARACTER_SET_RESULTS=@OLD_CHARACTER_SET_RESULTS */;
/*!40101 SET COLLATION_CONNECTION=@OLD_COLLATION_CONNECTION */;
/*!40111 SET SQL_NOTES=@OLD_SQL_NOTES */;

-- Dump completed on 2024-06-25  9:54:14
